book_id,award,category,year,title,author,score,ages,heads_up,ar_level,ar_points,ar_interest,image,description,description_kind,description_source,genre,score_source,year_type,ar_quiz,ar_source,ar_source_type,ar_checked,ar_status,ar_edition,selection_source,ar_notes,ar_record_title,ar_language,ar_research_status,description_status,catalog_notes,award_history,ar_research_source
all-the-blues-in-the-sky--renee-watson,Newbery,Medal,2026,All the Blues in the Sky,Renée Watson,4.0,,,5,3,MG+,,"After her best friend's death, Sage struggles with guilt and discovers that grief does not follow a predictable timetable.",Original summary,,,"Original supplied score; believed Goodreads, unverified",Award,,https://discover.manchesterlibrary.org/Record/2034986,Library catalog,2026-09-28,Source checked,All the blues in the sky,,,,EN,Previously sourced,Present in supplied CSV,,2026 — Newbery — Medal,
the-nine-moons-of-han-yu-and-luli--karina-yan-glaser,Newbery,Honor,2026,The Nine Moons of Han Yu and Luli,Karina Yan Glaser,4.0,,,6,13,MG,,Two children in different periods of Chinese history undertake dangerous journeys as art connects their experiences across centuries.,Original summary,,,"Original supplied score; believed Goodreads, unverified",Award,557313,https://library.teachingbooks.net/tb.cgi?a=1&tid=107204,TeachingBooks,2026-09-28,Source checked,The Nine Moons of Han Yu and Luli,,,,EN,Previously sourced,Present in supplied CSV,,2026 — Newbery — Honor,
a-sea-of-lemon-trees--maria-dolores-aguila,Newbery,Honor,2026,A Sea of Lemon Trees,María Dolores Águila,4.0,,,5.1,3,,,"A Mexican American community challenges school segregation in Lemon Grove, California, through a young student's experience.",Original summary,,,"Original supplied score; believed Goodreads, unverified",Award,556980,https://school.teachingbooks.net/tb.cgi?tid=107339,TeachingBooks,2026-10-06,Source checked,Matched title variant: A Sea of Lemon Trees: The Corrido of Roberto Alvarez,,,A Sea of Lemon Trees: The Corrido of Roberto Alvarez,EN,Matched saved source evidence,Present in supplied CSV,,2026 — Newbery — Honor,
the-teacher-of-nomad-land--daniel-nayeri,Newbery,Honor,2026,The Teacher of Nomad Land,Daniel Nayeri,4.5,,,4.3,5,,,"During World War II, a young teacher and his sister travel through Iran seeking students and a way to survive.",Original summary,,,"Original supplied score; believed Goodreads, unverified",Award,557270,https://school.teachingbooks.net/tb.cgi?tid=105000,TeachingBooks,2026-10-06,Source checked,Matched title variant: The Teacher of Nomad Land: A World War II Story,,,The Teacher of Nomad Land: A World War II Story,EN,Matched saved source evidence,Present in supplied CSV,,2026 — Newbery — Honor,
the-undead-fox-of-deadwood-forest--aubrey-hartman,Newbery,Honor,2026,The Undead Fox of Deadwood Forest,Aubrey Hartman,4.0,,,5.3,8,MG,,A fox who guides souls toward the afterlife faces an unexpected visitor whose fate resists his familiar rules.,Original summary,,,"Original supplied score; believed Goodreads, unverified",Award,,https://catalog.ocls.org/OverDrive/c671f2b0-4421-4f27-b035-21a1beff853d/Home,Library catalog,2026-09-28,Source checked,The Undead Fox of Deadwood Forest,,,,EN,Previously sourced,Present in supplied CSV,,2026 — Newbery — Honor,
the-first-state-of-being--erin-entrada-kelly,Newbery,Medal,2025,The First State of Being,Erin Entrada Kelly,4.0,,,4.4,6,MG,,A boy anxious about Y2K befriends a traveler from the future and wrestles with the temptation to know what comes next.,Original summary,,,"Original supplied score; believed Goodreads, unverified",Award,,https://library.wasatchcounty.gov/OverDrive/kindle%3Af3296215-062c-46a4-a0a8-57a1fee13f9e/Home,Library catalog,2026-09-28,Source checked,The First State of Being,,,,EN,Previously sourced,Present in supplied CSV,,2025 — Newbery — Medal,
across-so-many-seas--ruth-behar,Newbery,Honor,2025,Across So Many Seas,Ruth Behar,3.5,,,5.3,7,MG,,"Four generations of Sephardic Jewish girls confront displacement, persecution and the search for a place to belong.",Original summary,,,"Original supplied score; believed Goodreads, unverified",Award,,https://discover.aclib.us/Record/1215920,Library catalog,2026-09-28,Source checked,Across so many seas,,,,EN,Previously sourced,Present in supplied CSV,,2025 — Newbery — Honor,
magnolia-wu-unfolds-it-all--chanel-miller,Newbery,Honor,2025,Magnolia Wu Unfolds It All,Chanel Miller,4.0,,,5.6,3,MG,,"A girl and her new friend investigate the owners of lost socks, discovering the lives woven through their neighborhood.",Original summary,,,"Original supplied score; believed Goodreads, unverified",Award,,https://catalog.spanishfork.org/Record/124854,Library catalog,2026-09-28,Source checked,Magnolia Wu Unfolds It All,,,,EN,Previously sourced,Present in supplied CSV,,2025 — Newbery — Honor,
one-big-open-sky--lesa-cline-ransome,Newbery,Honor,2025,One Big Open Sky,Lesa Cline-Ransome,3.5,,,4.8,7,,,A Black family's westward journey after Reconstruction reveals the hopes and hardships behind the promise of a new home.,Original summary,,,"Original supplied score; believed Goodreads, unverified",Award,553286,https://library.teachingbooks.net/tb.cgi?a=1&tid=94085,TeachingBooks,2026-09-28,Source checked,One Big Open Sky,,,,EN,Previously sourced,Present in supplied CSV,,2025 — Newbery — Honor,
the-wrong-way-home--kate-o-shaughnessy,Newbery,Honor,2025,The Wrong Way Home,Kate O'Shaughnessy,4.0,,,4.2,11,,,A girl raised in an isolated community begins questioning its teachings after her mother takes her into the outside world.,Original summary,,,"Original supplied score; believed Goodreads, unverified",Award,553430,https://school.teachingbooks.net/tb.cgi?a=1&tid=96215,TeachingBooks,2026-09-28,Source checked,The Wrong Way Home,,,,EN,Previously sourced,Present in supplied CSV,,2025 — Newbery — Honor,
the-eyes-and-the-impossible--dave-eggers,Newbery,Medal,2024,The Eyes and the Impossible,Dave Eggers,4.0,,,5.3,7,MG,,A free-roaming dog observes life in an urban park and dreams up an ambitious plan to help its captive bison.,Original summary,,,"Original supplied score; believed Goodreads, unverified",Award,,https://bookroo.com/books/the-eyes-and-the-impossible,Bookroo,2026-10-06,Source checked,,,Secondary-source AR metadata; check the quiz and edition before assigning school credit.,The Eyes and the Impossible,EN,Matched saved source evidence,Present in supplied CSV,,2024 — Newbery — Medal,
eagle-drums--nasugraq-rainey-hopson,Newbery,Honor,2024,Eagle Drums,Nasuġraq Rainey Hopson,3.5,,,6.3,7,,,"An Iñupiaq boy's encounter with an eagle spirit becomes an origin story about gathering, music and community.",Original summary,,,"Original supplied score; believed Goodreads, unverified",Award,550864,https://library.teachingbooks.net/tb.cgi?a=1&tid=90048,TeachingBooks,2026-09-28,Source checked,Eagle Drums,,,,EN,Previously sourced,Present in supplied CSV,,2024 — Newbery — Honor,
elf-dog-and-owl-head--m-t-anderson,Newbery,Honor,2024,Elf Dog and Owl Head,M.T. Anderson,4.0,,,4.8,6,MG,,"A boy befriends a strange dog whose paths lead beyond the ordinary world into dangerous, magical territory.",Original summary,,,"Original supplied score; believed Goodreads, unverified",Award,,https://discover.knoxcountylibrary.org/OverDrive/b5be59fa-6613-47b3-86fb-7791f990b509/Home,Library catalog,2026-09-28,Source checked,Elf Dog and Owl Head,,,,EN,Previously sourced,Present in supplied CSV,,2024 — Newbery — Honor,
mexikid--pedro-martin,Newbery,Honor,2024,Mexikid,Pedro Martín,4.5,,,3.6,3,,,"A family road trip from California to Mexico becomes a funny, revealing graphic memoir about heritage and belonging.",Original summary,,,"Original supplied score; believed Goodreads, unverified",Award,522394,https://library.teachingbooks.net/tb.cgi?tid=89522,TeachingBooks,2026-10-06,Source checked,Matched title variant: Mexikid: A Graphic Memoir,,,Mexikid: A Graphic Memoir,EN,Matched saved source evidence,Present in supplied CSV,,2024 — Newbery — Honor,
simon-sort-of-says--erin-bow,Newbery,Honor,2024,Simon Sort of Says,Erin Bow,4.5,,,5.2,11,,,A boy hoping to escape attention after a traumatic event finds friendship and an unusual project in a remote town.,Original summary,,,"Original supplied score; believed Goodreads, unverified",Award,518126,https://school.teachingbooks.net/tb.cgi?tid=87058,TeachingBooks,2026-10-06,Source checked,,,,Simon Sort of Says,EN,Matched saved source evidence,Present in supplied CSV,,2024 — Newbery — Honor,
the-many-assassinations-of-samir-the-seller-of-dreams--daniel-nayeri,Newbery,Honor,2024,"The Many Assassinations of Samir, the Seller of Dreams",Daniel Nayeri,4.0,,,5.4,7,MG,,A young servant accompanies a slippery merchant across the Silk Road while a succession of assassins pursues them.,Original summary,,,"Original supplied score; believed Goodreads, unverified",Award,519938,https://bookroo.com/books/the-many-assassinations-of-samir-the-seller-of-dreams,Bookroo,2026-10-06,Source checked,"Matched title variant: The Many Assassinations of Samir,…",,Secondary-source AR metadata; check the quiz and edition before assigning school credit.,"The Many Assassinations of Samir,…",EN,Matched saved source evidence,Present in supplied CSV,,2024 — Newbery — Honor,
freewater--amina-luqman-dawson,Newbery,Medal,2023,Freewater,Amina Luqman-Dawson,4.0,,,4.6,11,,,"Two siblings fleeing slavery find a hidden community in the swamp, where freedom requires courage and mutual care.",Original summary,,,"Original supplied score; believed Goodreads, unverified",Award,516916,https://school.teachingbooks.net/tb.cgi?tid=80117,TeachingBooks,2026-09-28,Source checked,Freewater,,,,EN,Previously sourced,Present in supplied CSV,,2023 — Newbery — Medal,
iveliz-explains-it-all--andrea-beatriz-arango,Newbery,Honor,2023,Iveliz Explains It All,Andrea Beatriz Arango,4.0,,,5.3,4,MG+,,"A girl uses poetry to make sense of anger, grief and mental-health struggles that complicate school and family life.",Original summary,,,"Original supplied score; believed Goodreads, unverified",Award,,https://discover.cuyahogalibrary.org/GroupedWork/df9f48fe-d4f4-48c4-5b69-3179ec894923-eng/Home,Library catalog,2026-09-28,Source checked,Iveliz explains it all,,,,EN,Previously sourced,Present in supplied CSV,,2023 — Newbery — Honor,
the-last-mapmaker--christina-soontornvat,Newbery,Honor,2023,The Last Mapmaker,Christina Soontornvat,4.0,,,5.2,11,,,"A young apprentice joins an expedition into unfamiliar waters, confronting secrets about her past and her ship's mission.",Original summary,,,"Original supplied score; believed Goodreads, unverified",Award,515361,https://library.teachingbooks.net/tb.cgi?tid=81391,TeachingBooks,2026-10-06,Source checked,,,,The Last Mapmaker,EN,Matched saved source evidence,Present in supplied CSV,,2023 — Newbery — Honor,
maizy-chen-s-last-chance--lisa-yee,Newbery,Honor,2023,Maizy Chen's Last Chance,Lisa Yee,4.0,,,4.6,6,MG,,"A summer at her grandparents' Chinese restaurant reveals family history, community prejudice and unexpected acts of generosity.",Original summary,,,"Original supplied score; believed Goodreads, unverified",Award,,https://catalog.spanishfork.org/Record/112506,Library catalog,2026-09-28,Source checked,Maizy Chen's Last Chance,,,,EN,Previously sourced,Present in supplied CSV,,2023 — Newbery — Honor,
the-last-cuentista--donna-barba-higuera,Newbery,Medal,2022,The Last Cuentista,Donna Barba Higuera,4.5,,,5,11,MG+,,"After leaving a doomed Earth, Petra awakens to a controlled society where her memories and stories become acts of resistance.",Original summary,,,"Original supplied score; believed Goodreads, unverified",Award,,https://catalog.metrolibrary.org/Record/CARL0001071060,Library catalog,2026-09-28,Source checked,The last cuentista,,,,EN,Previously sourced,Present in supplied CSV,,2022 — Newbery — Medal,
red-white-and-whole--rajani-larocca,Newbery,Honor,2022,"Red, White, and Whole",Rajani LaRocca,4.0,,,5.3,3,,,An Indian American girl's struggle to fit between cultures is transformed when her mother becomes seriously ill.,Original summary,,,"Original supplied score; believed Goodreads, unverified",Award,510574,https://school.teachingbooks.net/tb.cgi?tid=74570,TeachingBooks,2026-09-28,Source checked,"Red, White, and Whole",,,,EN,Previously sourced,Present in supplied CSV,,2022 — Newbery — Honor,
a-snake-falls-to-earth--darcie-little-badger,Newbery,Honor,2022,A Snake Falls to Earth,Darcie Little Badger,3.5,,,5.3,14,MG+,,A Lipan Apache girl and a young cottonmouth from the spirit world find their lives connected by a growing crisis.,Original summary,,,"Original supplied score; believed Goodreads, unverified",Award,,https://librarycatalog.folsom.ca.us/OverDrive/d998be18-5839-479f-8c93-09d672999594/Home,Library catalog,2026-09-28,Source checked,A Snake Falls to Earth,,,,EN,Previously sourced,Present in supplied CSV,,2022 — Newbery — Honor,
too-bright-to-see--kyle-lukoff,Newbery,Honor,2022,Too Bright to See,Kyle Lukoff,4.0,,,5.1,7,MG,,"During a haunted summer, a child works through grief and begins understanding his gender and place in the world.",Original summary,,,"Original supplied score; believed Goodreads, unverified",Award,,https://library.cityofcarrollton.com/Record/74705,Library catalog,2026-09-28,Source checked,Too bright to see,,,,EN,Previously sourced,Present in supplied CSV,,2022 — Newbery — Honor,
watercress--andrea-wang,Newbery,Honor,2022,Watercress,Andrea Wang,4.5,,,3.7,0.5,LG,,A girl's embarrassment about gathering roadside watercress changes when her mother shares memories of hunger and loss in China.,Original summary,,,"Original supplied score; believed Goodreads, unverified",Award,514753,https://library.teachingbooks.net/tb.cgi?tid=75090,TeachingBooks,2026-09-28,Source checked,Watercress,,,,EN,Previously sourced,Present in supplied CSV,,2022 — Newbery — Honor,
when-you-trap-a-tiger--tae-keller,Newbery,Medal,2021,When You Trap a Tiger,Tae Keller,4.0,,,4.1,8,,,A girl encounters a magical tiger tied to her grandmother's stories and makes a bargain she hopes will save her.,Original summary,,,"Original supplied score; believed Goodreads, unverified",Award,506132,https://library.teachingbooks.net/tb.cgi?tid=67482,TeachingBooks,2026-10-06,Source checked,,,,When You Trap a Tiger,EN,Matched saved source evidence,Present in supplied CSV,,2021 — Newbery — Medal,
all-thirteen--christina-soontornvat,Newbery,Honor,2021,All Thirteen,Christina Soontornvat,4.5,,,7.2,7,MG,,An account of the Thai cave rescue follows the trapped soccer team and the international effort to bring them home.,Original summary,,,"Original supplied score; believed Goodreads, unverified",Award,510084,https://bookroo.com/books/all-thirteen-christina-soontornvat,Bookroo,2026-10-06,Source checked,,,Secondary-source AR metadata; check the quiz and edition before assigning school credit.,All Thirteen,EN,Matched saved source evidence,Present in supplied CSV,,2021 — Newbery — Honor,
box-henry-brown-mails-himself-to-freedom--carole-boston-weatherford,Newbery,Honor,2021,BOX: Henry Brown Mails Himself to Freedom,Carole Boston Weatherford,4.0,,,5.3,0.5,MG,,A biography in verse recounts how Henry Brown escaped slavery by arranging to have himself shipped in a wooden box to freedom.,Original editorial summary,,,"Original supplied score; believed Goodreads, unverified",Award,,https://library.lcsd2.org/wp-content/uploads/sites/33/2025/08/Honors-Reading-List-2025-26.pdf,School reading list,2026-09-28,Source checked,BOX: Henry Brown Mails Himself to Freedom,,,,EN,Previously sourced,Original editorial summary; not independently source-checked,,2021 — Newbery — Honor,
fighting-words--kimberly-brubaker-bradley,Newbery,Honor,2021,Fighting Words,Kimberly Brubaker Bradley,4.5,,,3.6,7,,,"Two sisters enter foster care after abuse, facing trauma with different coping strategies and a fierce attachment to each other.",Original summary,,,"Original supplied score; believed Goodreads, unverified",Award,509591,https://library.teachingbooks.net/tb.cgi?tid=71780,TeachingBooks,2026-09-28,Source checked,Fighting Words,,,,EN,Previously sourced,Present in supplied CSV,,2021 — Newbery — Honor,
we-dream-of-space--erin-entrada-kelly,Newbery,Honor,2021,We Dream of Space,Erin Entrada Kelly,3.5,,,4.6,7,,,Three siblings navigate family tension and school life as anticipation builds for the space shuttle Challenger's launch.,Original summary,,,"Original supplied score; believed Goodreads, unverified",Award,509477,https://school.teachingbooks.net/tb.cgi/tb.cgi?tid=68761,TeachingBooks,2026-10-06,Source checked,,,,We Dream of Space,EN,Matched saved source evidence,Present in supplied CSV,,2021 — Newbery — Honor,
a-wish-in-the-dark--christina-soontornvat,Newbery,Honor,2021,A Wish in the Dark,Christina Soontornvat,4.0,,,5.2,11,,,A boy escapes prison into a city whose unequal distribution of magical light reflects deeper injustices.,Original summary,,,"Original supplied score; believed Goodreads, unverified",Award,508811,https://school.teachingbooks.net/tb.cgi?a=1&tid=69222,TeachingBooks,2026-10-06,Source checked,,,,A Wish in the Dark,EN,Matched saved source evidence,Present in supplied CSV,,2021 — Newbery — Honor,
new-kid--jerry-craft,Newbery,Medal,2020,New Kid,Jerry Craft,4.5,,,2.9,2,,,"A young artist negotiates friendships, class differences and racism as one of the few Black students at his new private school.",Original summary,,,"Original supplied score; believed Goodreads, unverified",Award,500606,https://school.teachingbooks.net/tb.cgi?tid=62735,TeachingBooks,2026-10-06,Source checked,,,,New Kid,EN,Matched saved source evidence,Present in supplied CSV,,2020 — Newbery — Medal,
genesis-begins-again--alicia-d-williams,Newbery,Honor,2020,Genesis Begins Again,Alicia D. Williams,4.0,,,4.5,11,,,"A girl facing housing instability, family difficulties, and prejudice about her dark skin discovers her singing voice and begins to value herself.",Original editorial summary,,,"Original supplied score; believed Goodreads, unverified",Award,199648,https://school.teachingbooks.net/tb.cgi?tid=62864,TeachingBooks,2026-10-06,Source checked,,,,Genesis Begins Again,EN,Matched saved source evidence,Original editorial summary; not independently source-checked,,2020 — Newbery — Honor,
other-words-for-home--jasmine-warga,Newbery,Honor,2020,Other Words for Home,Jasmine Warga,4.0,,,5.3,5,,,"A Syrian girl moves to the United States and searches for language, friendship and a place onstage.",Original summary,,,"Original supplied score; believed Goodreads, unverified",Award,504111,https://library.teachingbooks.net/tb.cgi?tid=63012,TeachingBooks,2026-09-28,Source checked,Other Words for Home,,,,EN,Previously sourced,Present in supplied CSV,,2020 — Newbery — Honor,
scary-stories-for-young-foxes--christian-mckay-heidicker,Newbery,Honor,2020,Scary Stories for Young Foxes,Christian McKay Heidicker,4.0,,,4.4,9,,,"Interconnected tales follow young foxes through a frightening wilderness where predators, disease, and human cruelty turn survival into a horror story.",Original editorial summary,,,"Original supplied score; believed Goodreads, unverified",Award,504293,https://library.teachingbooks.net/tb.cgi?tid=66099,TeachingBooks,2026-10-06,Source checked,,,,Scary Stories for Young Foxes,EN,Matched saved source evidence,Original editorial summary; not independently source-checked,,2020 — Newbery — Honor,
the-undefeated--kwame-alexander,Newbery,Honor,2020,The Undefeated,Kwame Alexander,4.5,,,2.6,0.5,LG,,"The Newbery Award-winning author of The Crossover pens an ode to black American triumph and tribulation, with art from a…",Source excerpt,https://catalog.prospertx.gov/Record/19995,,"Original supplied score; believed Goodreads, unverified",Award,502169,https://library.teachingbooks.net/tb.cgi?tid=62315,TeachingBooks,2026-09-28,Source checked,The Undefeated,,,,EN,Previously sourced,Present in supplied CSV,,2020 — Newbery — Honor,
merci-suarez-changes-gears--meg-medina,Newbery,Medal,2019,Merci Suárez Changes Gears,Meg Medina,4.0,,,4.6,10,MG,,"Merci Suárez begins the sixth grade and knows things will change, but she did not count on her grandfather acting…",Source excerpt,https://catalog.prospertx.gov/Record/19341,,"Original supplied score; believed Goodreads, unverified",Award,,https://catalog.prospertx.gov/Record/19341,Library catalog,2026-09-28,Source checked,Merci Suárez changes gears,,,,EN,Previously sourced,Present in supplied CSV,,2019 — Newbery — Medal,
the-book-of-boy--catherine-gilbert-murdock,Newbery,Honor,2019,The Book of Boy,Catherine Gilbert Murdock,3.5,,,4.3,6,MG,,"In medieval Europe, a boy regarded as an outcast joins a mysterious pilgrim on a dangerous quest for holy relics.",Original editorial summary,,,"Original supplied score; believed Goodreads, unverified",Award,195979,https://bookroo.com/books/the-book-of-boy,Bookroo,2026-10-06,Source checked,,,Secondary-source AR metadata; check the quiz and edition before assigning school credit.,The Book of Boy,EN,Matched saved source evidence,Original editorial summary; not independently source-checked,,2019 — Newbery — Honor,
the-night-diary--veera-hiranandani,Newbery,Honor,2019,The Night Diary,Veera Hiranandani,4.0,,,4.5,8,,,"When Nisha and her twin brother Amil turn 12, Nisha receives a notebook from her…",Source excerpt,https://school.teachingbooks.net/tb.cgi?tid=58107,,"Original supplied score; believed Goodreads, unverified",Award,194398,https://school.teachingbooks.net/tb.cgi?tid=58107,TeachingBooks,2026-09-28,Source checked,The Night Diary,,,,EN,Previously sourced,Present in supplied CSV,,2019 — Newbery — Honor,
hello-universe--erin-entrada-kelly,Newbery,Medal,2018,"Hello, Universe",Erin Entrada Kelly,4.0,,,4.7,6,,,"Four children's lives converge when a bully's actions leave a shy boy trapped, prompting an unlikely rescue and new friendships.",Original editorial summary,,,"Original supplied score; believed Goodreads, unverified",Award,187756,https://school.teachingbooks.net/tb.cgi?tid=54396,TeachingBooks,2026-10-06,Source checked,,,,"Hello, Universe",EN,Matched saved source evidence,Original editorial summary; not independently source-checked,,2018 — Newbery — Medal,
crown-an-ode-to-the-fresh-cut--derrick-barnes,Newbery,Honor,2018,Crown: An Ode to the Fresh Cut,Derrick Barnes,4.5,,,3.8,0.5,,,"Rhythmic language celebrates a Black boy's barbershop haircut and the confidence, dignity, and sense of possibility it gives him.",Original editorial summary,,,"Original supplied score; believed Goodreads, unverified",Award,194442,https://school.teachingbooks.net/tb.cgi?a=1&tid=57219,TeachingBooks,2026-10-06,Source checked,,,,Crown: An Ode to the Fresh Cut,EN,Matched saved source evidence,Original editorial summary; not independently source-checked,,2018 — Newbery — Honor,
long-way-down--jason-reynolds,Newbery,Honor,2018,Long Way Down,Jason Reynolds,4.5,,,4.3,2,,,"A boy carrying a gun rides an elevator toward revenge for his brother's murder, encountering people whose stories challenge his certainty.",Original editorial summary,,,"Original supplied score; believed Goodreads, unverified",Award,192021,https://school.teachingbooks.net/tb.cgi?a=1&tid=55296,TeachingBooks,2026-10-06,Source checked,,,,Long Way Down,EN,Matched saved source evidence,Original editorial summary; not independently source-checked,,2018 — Newbery — Honor,
piecing-me-together--renee-watson,Newbery,Honor,2018,Piecing Me Together,Renée Watson,4.0,,,4.5,7,,,A Black scholarship student and aspiring artist questions the assumptions behind a mentoring program while seeking friendships that respect her whole identity.,Original editorial summary,,,"Original supplied score; believed Goodreads, unverified",Award,187729,https://school.teachingbooks.net/tb.cgi?a=1&tid=54212,TeachingBooks,2026-10-06,Source checked,,,,Piecing Me Together,EN,Matched saved source evidence,Original editorial summary; not independently source-checked,,2018 — Newbery — Honor,
the-girl-who-drank-the-moon--kelly-barnhill,Newbery,Medal,2017,The Girl Who Drank the Moon,Kelly Barnhill,4.0,,,4.8,12,,,"A witch accidentally gives a rescued baby extraordinary magic, unsettling a town sustained by fear and false stories.",Original summary,,,"Original supplied score; believed Goodreads, unverified",Award,183878,https://school.teachingbooks.net/tb.cgi?tid=51541,TeachingBooks,2026-10-06,Source checked,,,,The Girl Who Drank the Moon,EN,Matched saved source evidence,Present in supplied CSV,,2017 — Newbery — Medal,
freedom-over-me--ashley-bryan,Newbery,Honor,2017,Freedom Over Me,Ashley Bryan,4.0,,,4.6,1,,,"Poems imagine the inner lives, hopes, and relationships of eleven enslaved people whose names appeared in a nineteenth-century estate document.",Original editorial summary,,,"Original supplied score; believed Goodreads, unverified",Award,185729,https://library.teachingbooks.net/tb.cgi?tid=51319,TeachingBooks,2026-10-06,Source checked,"Matched title variant: Freedom Over Me: Eleven Slaves, Their Lives and Dreams Brought to Life by Ashley Bryan",,,"Freedom Over Me: Eleven Slaves, Their Lives and Dreams Brought to Life by Ashley Bryan",EN,Matched saved source evidence,Original editorial summary; not independently source-checked,,2017 — Newbery — Honor,
the-inquisitor-s-tale--adam-gidwitz,Newbery,Honor,2017,The Inquisitor's Tale,Adam Gidwitz,4.0,,,4.5,11,,,"In medieval France, three children from different religious backgrounds and their extraordinary dog become fugitives amid persecution, miraculous events, and competing accounts of truth.",Original editorial summary,,,"Original supplied score; believed Goodreads, unverified",Award,184503,https://school.teachingbooks.net/qlgs3cp,TeachingBooks,2026-10-06,Source checked,"Matched title variant: The Inquisitor's Tale: Or, The Three Magical Children and Their Holy Dog",,,"The Inquisitor's Tale: Or, The Three Magical Children and Their Holy Dog",EN,Matched saved source evidence,Original editorial summary; not independently source-checked,,2017 — Newbery — Honor,
wolf-hollow--lauren-wolk,Newbery,Honor,2017,Wolf Hollow,Lauren Wolk,4.0,,,4.9,9,,,34 Total Resources 8 Awards 42 State Lists Book Resume View Text Complexity Discover Like Books,Source excerpt,https://school.teachingbooks.net/tb.cgi?tid=49718,,"Original supplied score; believed Goodreads, unverified",Award,182585,https://school.teachingbooks.net/tb.cgi?tid=49718,TeachingBooks,2026-09-28,Source checked,Wolf Hollow,,,,EN,Previously sourced,Present in supplied CSV,,2017 — Newbery — Honor,
last-stop-on-market-street--matt-de-la-pena,Newbery,Medal,2016,Last Stop on Market Street,Matt de la Peña,4.0,,,3.3,0.5,,,"During a bus ride with his grandmother, a questioning boy learns to notice beauty, kindness, and community in his neighborhood.",Original editorial summary,,,"Original supplied score; believed Goodreads, unverified",Award,171387,https://school.teachingbooks.net/qlfo4mw,TeachingBooks,2026-10-06,Source checked,,,,Last Stop on Market Street,EN,Matched saved source evidence,Original editorial summary; not independently source-checked,,2016 — Newbery — Medal,
the-war-that-saved-my-life--kimberly-brubaker-bradley,Newbery,Honor,2016,The War That Saved My Life,Kimberly Brubaker Bradley,4.5,,,4.1,9,MG,,Evacuation from wartime London gives an abused girl and her brother a chance to imagine safety and belonging.,Original summary,,,"Original supplied score; believed Goodreads, unverified",Award,,https://catalog.sbplibrary.org/Record/58861,Library catalog,2026-09-28,Source checked,The war that saved my life,,,,EN,Previously sourced,Present in supplied CSV,,2016 — Newbery — Honor,
roller-girl--victoria-jamieson,Newbery,Honor,2016,Roller Girl,Victoria Jamieson,4.0,,,3.2,2,MG,,A girl's first roller-derby camp tests her determination as a familiar friendship begins to change.,Original summary,,,"Original supplied score; believed Goodreads, unverified",Award,173345,https://bookroo.com/books/roller-girl-victoria-jamieson,Bookroo,2026-10-06,Source checked,Original graphic novel,,Secondary-source AR metadata; confirm the matching quiz and edition with your school before assigning credit.,Roller Girl,EN,Matched source evidence,Present in supplied CSV,,2016 — Newbery — Honor; 2017 — Beehive — Children's Fiction,
echo--pam-munoz-ryan,Newbery,Honor,2016,Echo,Pam Muñoz Ryan,4.5,,,4.9,13,MG,,"A mysterious harmonica links children in Germany and the United States as they confront prejudice, family separation, and the upheavals surrounding World War II.",Original editorial summary,,,"Original supplied score; believed Goodreads, unverified",Award,171965,https://school.teachingbooks.net/tb.cgi?tid=42120,TeachingBooks,2026-10-06,Source checked,Original English novel,,Secondary-source AR metadata; confirm the matching quiz and edition with your school before assigning credit.,Echo,EN,Matched source evidence,Original editorial summary; not independently source-checked,,2016 — Newbery — Honor,
the-crossover--kwame-alexander,Newbery,Medal,2015,The Crossover,Kwame Alexander,4.5,,,4.3,2.0,MG,,Fourteen-year-old twin basketball stars Josh and Jordan wrestle with highs and lows on and off the court as their father…,Source excerpt,https://www.arbookfind.com/bookdetail.aspx?q=164734&l=EN,,"Original supplied score; believed Goodreads, unverified",Award,164734,https://www.arbookfind.com/bookdetail.aspx?q=164734&l=EN,Renaissance,2026-09-28,Source checked,The Crossover,,,,EN,Previously sourced,Present in supplied CSV,,2015 — Newbery — Medal,
el-deafo--cece-bell,Newbery,Honor,2015,El Deafo,Cece Bell,4.5,,,2.7,2.0,MG,,"A graphic memoir uses a superhero alter ego to explore hearing loss, awkward technology and the search for genuine friendship.",Original summary,,,"Original supplied score; believed Goodreads, unverified",Award,168404,https://www.arbookfind.com/bookdetail.aspx?q=168404&l=EN,Renaissance,2026-09-28,Source checked,El Deafo,,,,EN,Previously sourced,Present in supplied CSV,,2015 — Newbery — Honor; 2016 — Beehive — Children's Fiction,
brown-girl-dreaming--jacqueline-woodson,Newbery,Honor,2015,Brown Girl Dreaming,Jacqueline Woodson,4.5,,,5.3,5,MG,,"Poems trace Jacqueline Woodson's childhood, family history and growing desire to become a writer.",Original summary,,,"Original supplied score; believed Goodreads, unverified",Award,,https://discover.cuyahogalibrary.org/Record/215723,Library catalog,2026-09-28,Source checked,Brown girl dreaming,,,,EN,Previously sourced,Present in supplied CSV,,2015 — Newbery — Honor,
flora-ulysses--kate-dicamillo,Newbery,Medal,2014,Flora & Ulysses,Kate DiCamillo,4.0,,,4.3,5,,,"A self-described cynic rescues a squirrel who develops remarkable abilities, setting off a comic adventure about friendship, poetry, and hope.",Original editorial summary,,,"Original supplied score; believed Goodreads, unverified",Award,160221,https://school.teachingbooks.net/tb.cgi?tid=34890,TeachingBooks,2026-10-06,Source checked,Flora and Ulysses: The Illuminated Adventures,,Secondary-source AR metadata; confirm the matching quiz and edition with your school before assigning credit.,Flora & Ulysses,EN,Matched source evidence,Original editorial summary; not independently source-checked,,2014 — Newbery — Medal,
doll-bones--holly-black,Newbery,Honor,2014,Doll Bones,Holly Black,3.5,,,5.4,7,,,"Three friends undertake a journey to bury a supposedly haunted doll, testing their friendship as childhood games give way to growing up.",Original editorial summary,,,"Original supplied score; believed Goodreads, unverified",Award,158353,https://school.teachingbooks.net/tb.cgi?a=1&tid=34933,TeachingBooks,2026-10-06,Source checked,,,,Doll Bones,EN,Matched saved source evidence,Original editorial summary; not independently source-checked,,2014 — Newbery — Honor,
the-year-of-billy-miller--kevin-henkes,Newbery,Honor,2014,The Year of Billy Miller,Kevin Henkes,3.5,,,4.2,3,LG,,"A second grader navigates school worries, family relationships, and a poetry project through an ordinary year full of small discoveries.",Original editorial summary,,,"Original supplied score; believed Goodreads, unverified",Award,161077,https://discover.cuyahogalibrary.org/Record/48295,Library catalog,2026-10-06,Source checked,Original English novel,,Secondary-source AR metadata; confirm the matching quiz and edition with your school before assigning credit.,The Year of Billy Miller,EN,Matched source evidence,Original editorial summary; not independently source-checked,,2014 — Newbery — Honor,
one-came-home--amy-timberlake,Newbery,Honor,2014,One Came Home,Amy Timberlake,3.5,,,4.8,9,MG,,"In nineteenth-century Wisconsin, a sharp-eyed girl refuses to believe her missing sister is dead and sets out to uncover what happened.",Original editorial summary,,,"Original supplied score; believed Goodreads, unverified",Award,156090,https://libcat.weber.edu/bib/1148994,Library catalog,2026-10-06,Source checked,Original English novel,,Secondary-source AR metadata; confirm the matching quiz and edition with your school before assigning credit.,One Came Home,EN,Matched source evidence,Original editorial summary; not independently source-checked,,2014 — Newbery — Honor,
paperboy--vince-vawter,Newbery,Honor,2014,Paperboy,Vince Vawter,4.0,,,5.1,8.0,MG,,"When an eleven-year-old boy takes over a friend's newspaper route in July, 1959, in Memphis, his debilitating stutter makes for…",Source excerpt,https://www.arbookfind.com/bookdetail.aspx?q=158356&l=EN,,"Original supplied score; believed Goodreads, unverified",Award,158356,https://www.arbookfind.com/bookdetail.aspx?q=158356&l=EN,Renaissance,2026-09-28,Source checked,Paperboy,,,,EN,Previously sourced,Present in supplied CSV,,2014 — Newbery — Honor,
the-one-and-only-ivan--katherine-applegate,Newbery,Medal,2013,The One and Only Ivan,Katherine Applegate,4.5,,,3.6,4.0,MG,,"When Ivan, a gorilla that has lived for years in a down-and-out circus-themed mall, meets Ruby, a baby elephant that…",Source excerpt,https://www.arbookfind.com/bookdetail.aspx?q=150437&l=EN,,"Original supplied score; believed Goodreads, unverified",Award,150437,https://www.arbookfind.com/bookdetail.aspx?q=150437&l=EN,Renaissance,2026-09-28,Source checked,The One and Only Ivan,,,,EN,Previously sourced,Present in supplied CSV,,2013 — Newbery — Medal,
splendors-and-glooms--laura-amy-schlitz,Newbery,Honor,2013,Splendors and Glooms,Laura Amy Schlitz,3.5,,,5.09,15,MG,,Two young assistants to a sinister puppeteer become entangled in a girl's disappearance and a struggle involving dangerous magic in Victorian London.,Original editorial summary,,,"Original supplied score; believed Goodreads, unverified",Award,,https://bookroo.com/books/splendors-and-glooms,Bookroo,2026-10-06,Source checked,,,Secondary-source AR metadata; check the quiz and edition before assigning school credit. Source reports this reading level to two decimal places; precision needs confirmation.,Splendors and Glooms,EN,Matched saved source evidence,Original editorial summary; not independently source-checked,,2013 — Newbery — Honor,
bomb--steve-sheinkin,Newbery,Honor,2013,Bomb,Steve Sheinkin,4.5,,,6.9,10,,,"Narrative nonfiction follows the scientists, spies, and wartime operations involved in building the atomic bomb and obtaining its secrets.",Original editorial summary,,,"Original supplied score; believed Goodreads, unverified",Award,153499,https://school.teachingbooks.net/qlevcin,TeachingBooks,2026-10-06,Source checked,Matched title variant: Bomb: The Race to Build—and Steal—The World's Most Dangerous Weapon,,,Bomb: The Race to Build—and Steal—The World's Most Dangerous Weapon,EN,Matched saved source evidence,Original editorial summary; not independently source-checked,,2013 — Newbery — Honor,
three-times-lucky--sheila-turnage,Newbery,Honor,2013,Three Times Lucky,Sheila Turnage,4.0,,,3.9,9.0,MG,,"Washed ashore as a baby in tiny Tupelo Landing, North Carolina, Mo LoBeau, now age eleven, and her best friend…",Source excerpt,https://www.arbookfind.com/bookdetail.aspx?q=151057&l=EN,,"Original supplied score; believed Goodreads, unverified",Award,151057,https://www.arbookfind.com/bookdetail.aspx?q=151057&l=EN,Renaissance,2026-09-28,Source checked,Three Times Lucky,,,,EN,Previously sourced,Present in supplied CSV,,2013 — Newbery — Honor,
dead-end-in-norvelt--jack-gantos,Newbery,Medal,2012,Dead End in Norvelt,Jack Gantos,3.5,,,5.7,12.0,MG,,"In the historic town of Norvelt, Pennsylvania, twelve-year-old Jack Gantos spends the summer of 1962 grounded for various offenses until…",Source excerpt,https://www.arbookfind.com/bookdetail.aspx?q=146010&l=EN,,"Original supplied score; believed Goodreads, unverified",Award,146010,https://www.arbookfind.com/bookdetail.aspx?q=146010&l=EN,Renaissance,2026-09-28,Source checked,Dead End in Norvelt,,,,EN,Previously sourced,Present in supplied CSV,,2012 — Newbery — Medal,
inside-out-back-again--thanhha-lai,Newbery,Honor,2012,Inside Out & Back Again,Thanhha Lai,4.0,,,4.8,2.0,MG,,"Through a series of poems, a young girl chronicles the life-changing year of 1975, when she, her mother, and her…",Source excerpt,https://www.arbookfind.com/bookdetail.aspx?q=142622&l=EN,,"Original supplied score; believed Goodreads, unverified",Award,142622,https://www.arbookfind.com/bookdetail.aspx?q=142622&l=EN,Renaissance,2026-09-28,Source checked,Inside Out & Back Again,,,,EN,Previously sourced,Present in supplied CSV,,2012 — Newbery — Honor,
breaking-stalin-s-nose--eugene-yelchin,Newbery,Honor,2012,Breaking Stalin's Nose,Eugene Yelchin,3.5,,,4.6,2,,,A boy who idolizes Stalin begins to question Soviet propaganda after his father's arrest transforms his family life and school experience.,Original editorial summary,,,"Original supplied score; believed Goodreads, unverified",Award,146486,https://school.teachingbooks.net/tb.cgi?tid=26815,TeachingBooks,2026-10-06,Source checked,,,,Breaking Stalin's Nose,EN,Matched saved source evidence,Original editorial summary; not independently source-checked,,2012 — Newbery — Honor,
moon-over-manifest--clare-vanderpool,Newbery,Medal,2011,Moon Over Manifest,Clare Vanderpool,4.0,,,5.3,12.0,MG,,"Twelve-year-old Abilene Tucker is the daughter of a drifter who, in the summer of 1936, sends her to stay with…",Source excerpt,https://www.arbookfind.com/bookdetail.aspx?q=140091&l=EN,,"Original supplied score; believed Goodreads, unverified",Award,140091,https://www.arbookfind.com/bookdetail.aspx?q=140091&l=EN,Renaissance,2026-09-28,Source checked,Moon over Manifest,,,,EN,Previously sourced,Present in supplied CSV,,2011 — Newbery — Medal,
turtle-in-paradise--jennifer-l-holm,Newbery,Honor,2011,Turtle in Paradise,Jennifer L. Holm,4.0,,,3.7,4.0,MG,,"In 1935, when her mother gets a job housekeeping for a woman who does not like children, eleven-year-old Turtle is…",Source excerpt,https://www.arbookfind.com/bookdetail.aspx?q=137063&l=EN,,"Original supplied score; believed Goodreads, unverified",Award,137063,https://www.arbookfind.com/bookdetail.aspx?q=137063&l=EN,Renaissance,2026-09-28,Source checked,Turtle in Paradise,,,,EN,Previously sourced,Present in supplied CSV,,2011 — Newbery — Honor,
heart-of-a-samurai--margi-preus,Newbery,Honor,2011,Heart of a Samurai,Margi Preus,3.5,,,5.4,8,,,28 Total Resources 6 Awards 9 State Lists Book Resume View Text Complexity Discover Like Books,Source excerpt,https://school.teachingbooks.net/tb.cgi?tid=22031,,"Original supplied score; believed Goodreads, unverified",Award,139383,https://school.teachingbooks.net/tb.cgi?tid=22031,TeachingBooks,2026-09-28,Source checked,Heart of a Samurai,,,,EN,Previously sourced,Present in supplied CSV,,2011 — Newbery — Honor,
dark-emperor--joyce-sidman,Newbery,Honor,2011,Dark Emperor,Joyce Sidman,3.5,,,6.1,0.5,,,"Poems and accompanying natural-history notes explore nocturnal animals, plants, and the sounds and movements of a woodland after dark.",Original editorial summary,,,"Original supplied score; believed Goodreads, unverified",Award,139110,https://library.teachingbooks.net/tb.cgi?tid=21922,TeachingBooks,2026-10-06,Source checked,Matched title variant: Dark Emperor and Other Poems of the Night,,,Dark Emperor and Other Poems of the Night,EN,Matched saved source evidence,Original editorial summary; not independently source-checked,,2011 — Newbery — Honor,
one-crazy-summer--rita-williams-garcia,Newbery,Honor,2011,One Crazy Summer,Rita Williams-Garcia,4.5,,,4.6,7,,,"Three sisters visit their estranged mother in Oakland in 1968 and encounter community activism, family tensions, and unexpected independence.",Original editorial summary,,,"Original supplied score; believed Goodreads, unverified",Award,135338,https://library.teachingbooks.net/tb.cgi?tid=17070,TeachingBooks,2026-10-06,Source checked,,,,One Crazy Summer,EN,Matched saved source evidence,Original editorial summary; not independently source-checked,,2011 — Newbery — Honor,
when-you-reach-me--rebecca-stead,Newbery,Medal,2010,When You Reach Me,Rebecca Stead,5.0,,,4.5,6.0,MG,,"In 1979, as her mother prepares to be a contestant on the THE $20,000 PYRAMID, a twelve-year-old New York City…",Source excerpt,https://www.arbookfind.com/bookdetail.aspx?q=131144&l=EN,,"Original supplied score; believed Goodreads, unverified",Award,131144,https://www.arbookfind.com/bookdetail.aspx?q=131144&l=EN,Renaissance,2026-09-28,Source checked,When You Reach Me,,,,EN,Previously sourced,Present in supplied CSV,,2010 — Newbery — Medal,
claudette-colvin--phillip-hoose,Newbery,Honor,2010,Claudette Colvin,Phillip Hoose,4.0,,,6.8,5.0,MG,,"This book presents an account of fifteen-year-old Claudette Colvin, an African American girl who refused to give up her seat…",Source excerpt,https://www.arbookfind.com/bookdetail.aspx?q=129138&l=EN,,"Original supplied score; believed Goodreads, unverified",Award,129138,https://www.arbookfind.com/bookdetail.aspx?q=129138&l=EN,Renaissance,2026-09-28,Source checked,Claudette Colvin: Twice Toward Justice,,,,EN,Previously sourced,Present in supplied CSV,,2010 — Newbery — Honor,
the-evolution-of-calpurnia-tate--jacqueline-kelly,Newbery,Honor,2010,The Evolution of Calpurnia Tate,Jacqueline Kelly,4.0,,,5.3,12,,,33 Total Resources 5 Awards 24 State Lists Book Resume View Text Complexity Discover Like Books,Source excerpt,https://school.teachingbooks.net/tb.cgi?tid=14064,,"Original supplied score; believed Goodreads, unverified",Award,130075,https://school.teachingbooks.net/tb.cgi?tid=14064,TeachingBooks,2026-09-28,Source checked,The Evolution of Calpurnia Tate,,,,EN,Previously sourced,Present in supplied CSV,,2010 — Newbery — Honor,
where-the-mountain-meets-the-moon--grace-lin,Newbery,Honor,2010,Where the Mountain Meets the Moon,Grace Lin,4.5,,,5.5,7.0,MG,,"A determined girl leaves her impoverished village on a quest shaped by dragons, stories and unexpected generosity.",Original summary,,,"Original supplied score; believed Goodreads, unverified",Award,131480,https://www.arbookfind.com/bookdetail.aspx?q=131480&l=EN,Renaissance,2026-09-28,Source checked,Where the Mountain Meets the Moon,,,,EN,Previously sourced,Present in supplied CSV,,2010 — Newbery — Honor; 2011 — Beehive — Children's Fiction,
the-mostly-true-adventures-of-homer-p-figg--rodman-philbrick,Newbery,Honor,2010,The Mostly True Adventures of Homer P. Figg,Rodman Philbrick,3.5,,,5.6,7.0,MG,,"Homer P. Figg escapes from his ruthless guardian's home in Pine Swamp, Maine, and sets out to find his beloved…",Source excerpt,https://www.arbookfind.com/bookdetail.aspx?q=127487&l=EN,,"Original supplied score; believed Goodreads, unverified",Award,127487,https://www.arbookfind.com/bookdetail.aspx?q=127487&l=EN,Renaissance,2026-09-28,Source checked,The Mostly True Adventures of Homer P. Figg,,,,EN,Previously sourced,Present in supplied CSV,,2010 — Newbery — Honor,
the-graveyard-book--neil-gaiman,Newbery,Medal,2009,The Graveyard Book,Neil Gaiman,4.5,,,5.1,10.0,MG+,,"Nobody Owens is a normal boy, except that he has been raised by ghosts and other denizens of the graveyard.",Source excerpt,https://www.arbookfind.com/bookdetail.aspx?q=125535&l=EN,,"Original supplied score; believed Goodreads, unverified",Award,125535,https://www.arbookfind.com/bookdetail.aspx?q=125535&l=EN,Renaissance,2026-09-28,Source checked,The Graveyard Book,,,,EN,Previously sourced,Present in supplied CSV,,2009 — Newbery — Medal,
the-underneath--kathi-appelt,Newbery,Honor,2009,The Underneath,Kathi Appelt,3.5,,,5.2,9.0,MG,,An old hound that has been chained up at his hateful owner's run-down shack and two kittens born underneath the…,Source excerpt,https://www.arbookfind.com/bookdetail.aspx?q=122589&l=EN,,"Original supplied score; believed Goodreads, unverified",Award,122589,https://www.arbookfind.com/bookdetail.aspx?q=122589&l=EN,Renaissance,2026-09-28,Source checked,The Underneath,,,,EN,Previously sourced,Present in supplied CSV,,2009 — Newbery — Honor,
the-surrender-tree--margarita-engle,Newbery,Honor,2009,The Surrender Tree,Margarita Engle,3.5,,,6.4,2,MG,,"Interwoven poems portray Cuba's struggles for independence through the experiences of a healer and others caught between slavery, resistance, and war.",Original editorial summary,,,"Original supplied score; believed Goodreads, unverified",Award,121475,https://catalog.ncwlibraries.org/Record/400366,Library catalog,2026-10-06,Source checked,The Surrender Tree: Poems of Cuba's Struggle for Freedom,,Secondary-source AR metadata; confirm the matching quiz and edition with your school before assigning credit.,The Surrender Tree,EN,Matched source evidence,Original editorial summary; not independently source-checked,,2009 — Newbery — Honor,
savvy--ingrid-law,Newbery,Honor,2009,Savvy,Ingrid Law,4.0,,,6.0,9.0,MG,,"Mibs Beaumont's thirteenth birthday has revealed her ""savvy,"" a magical power unique to each member of her family, just as…",Source excerpt,https://www.arbookfind.com/bookdetail.aspx?q=122451&l=EN,,"Original supplied score; believed Goodreads, unverified",Award,122451,https://www.arbookfind.com/bookdetail.aspx?q=122451&l=EN,Renaissance,2026-09-28,Source checked,Savvy,,,,EN,Previously sourced,Present in supplied CSV,,2009 — Newbery — Honor,
after-tupac-d-foster--jacqueline-woodson,Newbery,Honor,2009,After Tupac & D Foster,Jacqueline Woodson,3.5,,,4.7,4,UG,,"Three girls in Queens bond over Tupac Shakur's music while confronting family troubles, foster care, and the uncertainty of adolescence.",Original editorial summary,,,"Original supplied score; believed Goodreads, unverified",Award,120399,https://bookroo.com/books/after-tupac-and-d-foster,Bookroo,2026-10-06,Source checked,,,Secondary-source AR metadata; check the quiz and edition before assigning school credit.,After Tupac & D Foster,EN,Matched saved source evidence,Original editorial summary; not independently source-checked,,2009 — Newbery — Honor,
good-masters-sweet-ladies--laura-amy-schlitz,Newbery,Medal,2008,Good Masters! Sweet Ladies!,Laura Amy Schlitz,3.5,,,5.6,2,MG,,"Monologues and dialogues introduce young people from different social classes on a medieval English manor, revealing their work, worries, and ambitions.",Original editorial summary,,,"Original supplied score; believed Goodreads, unverified",Award,115900,https://openlibrary.org/books/OL20946835M/Good_masters%21_Sweet_ladies%21,Open Library catalog,2026-10-06,Source checked,Good Masters! Sweet Ladies!: Voices from a Medieval Village,,Secondary-source AR metadata; confirm the matching quiz and edition with your school before assigning credit.,Good Masters! Sweet Ladies!,EN,Matched source evidence,Original editorial summary; not independently source-checked,,2008 — Newbery — Medal,
elijah-of-buxton--christopher-paul-curtis,Newbery,Honor,2008,Elijah of Buxton,Christopher Paul Curtis,4.5,,,5.4,12.0,MG,,"In 1859, eleven-year-old Elijah, the first freeborn child in Buxton, Canada, a haven for slaves fleeing the American South, uses…",Source excerpt,https://www.arbookfind.com/bookdetail.aspx?q=117751&l=EN,,"Original supplied score; believed Goodreads, unverified",Award,117751,https://www.arbookfind.com/bookdetail.aspx?q=117751&l=EN,Renaissance,2026-09-28,Source checked,Elijah of Buxton,,,,EN,Previously sourced,Present in supplied CSV,,2008 — Newbery — Honor,
the-wednesday-wars--gary-d-schmidt,Newbery,Honor,2008,The Wednesday Wars,Gary D. Schmidt,5.0,,,5.9,12.0,MG,,"During the 1967 school year, on Wednesday afternoons when all his classmates go to religion classes, seventh-grader Holling stays in…",Source excerpt,https://www.arbookfind.com/bookdetail.aspx?q=114653&l=EN,,"Original supplied score; believed Goodreads, unverified",Award,114653,https://www.arbookfind.com/bookdetail.aspx?q=114653&l=EN,Renaissance,2026-09-28,Source checked,The Wednesday Wars,,,,EN,Previously sourced,Present in supplied CSV,,2008 — Newbery — Honor,
feathers--jacqueline-woodson,Newbery,Honor,2008,Feathers,Jacqueline Woodson,3.5,,,4.4,4,,,"A new boy's arrival at a predominantly Black school leads Frannie to think about faith, difference, family, and the nature of hope.",Original editorial summary,,,"Original supplied score; believed Goodreads, unverified",Award,113352,https://school.teachingbooks.net/tb.cgi/tb.cgi?tid=2293,TeachingBooks,2026-10-06,Source checked,,,,Feathers,EN,Matched saved source evidence,Original editorial summary; not independently source-checked,,2008 — Newbery — Honor,
the-higher-power-of-lucky--susan-patron,Newbery,Medal,2007,The Higher Power of Lucky,Susan Patron,3.0,,,5.9,5.0,MG,,"Fearing that her legal guardian plans to abandon her to return to France, ten-year-old aspiring scientist Lucky Trimble determines to…",Source excerpt,https://www.arbookfind.com/bookdetail.aspx?q=110101&l=EN,,"Original supplied score; believed Goodreads, unverified",Award,110101,https://www.arbookfind.com/bookdetail.aspx?q=110101&l=EN,Renaissance,2026-09-28,Source checked,The Higher Power of Lucky,,,,EN,Previously sourced,Present in supplied CSV,,2007 — Newbery — Medal,
penny-from-heaven--jennifer-l-holm,Newbery,Honor,2007,Penny from Heaven,Jennifer L. Holm,4.0,,,4.0,7.0,MG,,"As she turns twelve during the summer of 1953, Penny gains new insights into herself and her family while also…",Source excerpt,https://www.arbookfind.com/bookdetail.aspx?q=108040&l=EN,,"Original supplied score; believed Goodreads, unverified",Award,108040,https://www.arbookfind.com/bookdetail.aspx?q=108040&l=EN,Renaissance,2026-09-28,Source checked,Penny from Heaven,,,,EN,Previously sourced,Present in supplied CSV,,2007 — Newbery — Honor,
hattie-big-sky--kirby-larson,Newbery,Honor,2007,Hattie Big Sky,Kirby Larson,4.0,,,4.4,10,,,26 Total Resources 3 Awards 13 State Lists Book Resume View Text Complexity Discover Like Books,Source excerpt,https://library.teachingbooks.net/tb.cgi?a=1&tid=2964,,"Original supplied score; believed Goodreads, unverified",Award,109096,https://library.teachingbooks.net/tb.cgi?a=1&tid=2964,TeachingBooks,2026-09-28,Source checked,Hattie Big Sky,,,,EN,Previously sourced,Present in supplied CSV,,2007 — Newbery — Honor,
rules--cynthia-lord,Newbery,Honor,2007,Rules,Cynthia Lord,4.0,,,3.9,4.0,MG,,"Frustrated at life with an autistic brother, twelve-year-old Catherine longs for a normal existence, but her world is further complicated…",Source excerpt,https://www.arbookfind.com/bookdetail.aspx?q=106154&l=EN,,"Original supplied score; believed Goodreads, unverified",Award,106154,https://www.arbookfind.com/bookdetail.aspx?q=106154&l=EN,Renaissance,2026-09-28,Source checked,Rules,,,,EN,Previously sourced,Present in supplied CSV,,2007 — Newbery — Honor,
criss-cross--lynne-rae-perkins,Newbery,Medal,2006,Criss Cross,Lynne Rae Perkins,2.5,,,5.5,7,,,"The intersecting lives of several teenagers unfold through small misunderstandings, tentative romances, music, and questions about who they might become.",Original editorial summary,,,"Original supplied score; believed Goodreads, unverified",Award,101361,https://school.teachingbooks.net/tb.cgi/tb.cgi?tid=1594,TeachingBooks,2026-10-06,Source checked,,,,Criss Cross,EN,Matched saved source evidence,Original editorial summary; not independently source-checked,,2006 — Newbery — Medal,
whittington--alan-armstrong,Newbery,Honor,2006,Whittington,Alan Armstrong,3.0,,,4.9,5,MG,,"Whittington, a feline descendant of Dick Whittington's famous cat of English folklore, appears at a rundown barnyard plagued by rats…",Source excerpt,https://library.wasatchcounty.gov/Record/173147,,"Original supplied score; believed Goodreads, unverified",Award,,https://library.wasatchcounty.gov/Record/173147,Library catalog,2026-09-28,Source checked,Whittington,,,,EN,Previously sourced,Present in supplied CSV,,2006 — Newbery — Honor,
hitler-youth--susan-campbell-bartoletti,Newbery,Honor,2006,Hitler Youth,Susan Campbell Bartoletti,4.0,,,7.8,6.0,MG,,"Historical accounts and photographs examine how Nazi Germany recruited and indoctrinated young people, including those who eventually resisted.",Original editorial summary,,,"Original supplied score; believed Goodreads, unverified",Award,87191,https://www.arbookfind.com/bookdetailprint.aspx?l=EN&q=87191,Renaissance,2026-10-06,Source checked,Matched title variant: Hitler Youth: Growing Up in Hitler's Shadow,,,Hitler Youth: Growing Up in Hitler's Shadow,EN,Matched saved source evidence,Original editorial summary; not independently source-checked,,2006 — Newbery — Honor,
princess-academy--shannon-hale,Newbery,Honor,2006,Princess Academy,Shannon Hale,4.0,,,6,10,MG,,"Girls from a mountain village train for a royal selection, while Miri discovers strengths that reach far beyond becoming a princess.",Original summary,,,"Original supplied score; believed Goodreads, unverified",Award,104732,https://bookroo.com/books/princess-academy,Bookroo,2026-10-06,Source checked,,,Secondary-source AR metadata; check the quiz and edition before assigning school credit.,Princess Academy,EN,Matched saved source evidence,Present in supplied CSV,,2006 — Newbery — Honor; 2007 — Beehive — Children's Fiction,
show-way--jacqueline-woodson,Newbery,Honor,2006,Show Way,Jacqueline Woodson,3.5,,,,,,,"A family history follows generations of Black women, connecting quilting, storytelling, slavery, freedom, and the passing of knowledge from mother to daughter.",Original editorial summary,,,"Original supplied score; believed Goodreads, unverified",Award,,,,,Not yet verified,,,No matching English quiz confirmed in the evidence reviewed. Blank does not mean zero points or that no quiz exists.,,,Searched; not yet verified,Original editorial summary; not independently source-checked,,2006 — Newbery — Honor,
kira-kira--cynthia-kadohata,Newbery,Medal,2005,Kira-Kira,Cynthia Kadohata,4.0,,,4.7,7.0,MG,,This book chronicles the close friendship between two Japanese American sisters growing up in rural Georgia during the late 1950s…,Source excerpt,https://www.arbookfind.com/bookdetail.aspx?q=74071&l=EN,,"Original supplied score; believed Goodreads, unverified",Award,74071,https://www.arbookfind.com/bookdetail.aspx?q=74071&l=EN,Renaissance,2026-09-28,Source checked,Kira-Kira (English),,,,EN,Previously sourced,Present in supplied CSV,,2005 — Newbery — Medal,
al-capone-does-my-shirts--gennifer-choldenko,Newbery,Honor,2005,Al Capone Does My Shirts,Gennifer Choldenko,4.0,,,3.5,7.0,MG,,"Moose moves to Alcatraz Island in 1935 when guards' families were housed there, and has to contend with his extraordinary…",Source excerpt,https://www.arbookfind.com/bookdetail.aspx?q=74909&l=EN,,"Original supplied score; believed Goodreads, unverified",Award,74909,https://www.arbookfind.com/bookdetail.aspx?q=74909&l=EN,Renaissance,2026-09-28,Source checked,Al Capone Does My Shirts,,,,EN,Previously sourced,Present in supplied CSV,,2005 — Newbery — Honor,
the-voice-that-challenged-a-nation--russell-freedman,Newbery,Honor,2005,The Voice That Challenged a Nation,Russell Freedman,3.5,,,8.19,3,MG,,"A biography explores Marian Anderson's musical career and her challenge to racial discrimination, including her landmark performance at the Lincoln Memorial.",Original editorial summary,,,"Original supplied score; believed Goodreads, unverified",Award,,https://bookroo.com/books/the-voice-that-challenged-a-nation,Bookroo,2026-10-06,Source checked,,,Secondary-source AR metadata; check the quiz and edition before assigning school credit. Source reports this reading level to two decimal places; precision needs confirmation.,The Voice That Challenged a Nation,EN,Matched saved source evidence,Original editorial summary; not independently source-checked,,2005 — Newbery — Honor,
lizzie-bright-and-the-buckminster-boy--gary-d-schmidt,Newbery,Honor,2005,Lizzie Bright and the Buckminster Boy,Gary D. Schmidt,4.0,,,5.9,10.0,MG,,"It's 1911, and Turner Buckminster hates his new home of Phippsburg, Maine. But things improve when he meets Lizzie Bright,…",Source excerpt,https://www.arbookfind.com/bookdetail.aspx?q=78550&l=EN,,"Original supplied score; believed Goodreads, unverified",Award,78550,https://www.arbookfind.com/bookdetail.aspx?q=78550&l=EN,Renaissance,2026-09-28,Source checked,Lizzie Bright and the Buckminster Boy,,,,EN,Previously sourced,Present in supplied CSV,,2005 — Newbery — Honor,
the-tale-of-despereaux--kate-dicamillo,Newbery,Medal,2004,The Tale of Despereaux,Kate DiCamillo,4.5,,,4.7,5.0,MG,,"This book tells of the adventure of Despereaux Tilling, a small mouse of unusual talents, as well as the princess…",Source excerpt,https://www.arbookfind.com/bookdetail.aspx?q=70401&l=EN,,"Original supplied score; believed Goodreads, unverified",Award,70401,https://www.arbookfind.com/bookdetail.aspx?q=70401&l=EN,Renaissance,2026-09-28,Source checked,The Tale of Despereaux (English),,,,EN,Previously sourced,Present in supplied CSV,,2004 — Newbery — Medal,
olive-s-ocean--kevin-henkes,Newbery,Honor,2004,Olive's Ocean,Kevin Henkes,3.0,,,4.7,4.0,MG,,"On a summer visit to her grandmother's cottage by the ocean, twelve-year-old Martha gains perspective on the death of a…",Source excerpt,https://www.arbookfind.com/bookdetail.aspx?q=71432&l=EN,,"Original supplied score; believed Goodreads, unverified",Award,71432,https://www.arbookfind.com/bookdetail.aspx?q=71432&l=EN,Renaissance,2026-09-28,Source checked,Olive's Ocean,,,,EN,Previously sourced,Present in supplied CSV,,2004 — Newbery — Honor,
an-american-plague--jim-murphy,Newbery,Honor,2004,An American Plague,Jim Murphy,4.0,,,9.0,6.0,UG,,"This book provides an account of the yellow fever epidemic that swept through Philadelphia in 1793, discussing the chaos that…",Source excerpt,https://www.arbookfind.com/bookdetail.aspx?q=69054&l=EN,,"Original supplied score; believed Goodreads, unverified",Award,69054,https://www.arbookfind.com/bookdetail.aspx?q=69054&l=EN,Renaissance,2026-09-28,Source checked,An American Plague: The True and Terrifying Story of the Yellow Fever Epidemic of 1793,,,,EN,Previously sourced,Present in supplied CSV,,2004 — Newbery — Honor,
crispin-the-cross-of-lead--avi,Newbery,Medal,2003,Crispin: The Cross of Lead,Avi,3.5,,,5.0,7,MG,,"Falsely accused and declared an outlaw, a medieval peasant boy flees his village and discovers secrets about his identity with a traveling juggler.",Original editorial summary,,,"Original supplied score; believed Goodreads, unverified",Award,58513,https://bookroo.com/books/crispin,Bookroo,2026-10-06,Source checked,"Crispin: The Cross of Lead; first novel, not its sequels",,Secondary-source AR metadata; confirm the matching quiz and edition with your school before assigning credit.,Crispin: The Cross of Lead,EN,Matched source evidence,Original editorial summary; not independently source-checked,,2003 — Newbery — Medal,
the-house-of-the-scorpion--nancy-farmer,Newbery,Honor,2003,The House of the Scorpion,Nancy Farmer,4.5,,,5.1,15.0,MG+,,"In a future where humans despise clones, Matt enjoys special status as the young clone of El Patrón, the 140-year-old…",Source excerpt,https://www.arbookfind.com/bookdetail.aspx?q=61393&l=EN,,"Original supplied score; believed Goodreads, unverified",Award,61393,https://www.arbookfind.com/bookdetail.aspx?q=61393&l=EN,Renaissance,2026-09-28,Source checked,The House of the Scorpion,,,,EN,Previously sourced,Present in supplied CSV,,2003 — Newbery — Honor,
pictures-of-hollis-woods--patricia-reilly-giff,Newbery,Honor,2003,Pictures of Hollis Woods,Patricia Reilly Giff,3.5,,,4.4,5.0,MG,,"A troublesome twelve-year-old orphan, staying with an elderly artist who needs her, remembers the only other time she was happy…",Source excerpt,https://www.arbookfind.com/bookdetail.aspx?q=61467&l=EN,,"Original supplied score; believed Goodreads, unverified",Award,61467,https://www.arbookfind.com/bookdetail.aspx?q=61467&l=EN,Renaissance,2026-09-28,Source checked,Pictures of Hollis Woods,,,,EN,Previously sourced,Present in supplied CSV,,2003 — Newbery — Honor,
hoot--carl-hiaasen,Newbery,Honor,2003,Hoot,Carl Hiaasen,4.0,,,5.2,9.0,MG,,"Roy, who is new to his small Florida community, becomes involved in another boy's attempt to save a colony of…",Source excerpt,https://www.arbookfind.com/bookdetail.aspx?q=61464&l=EN,,"Original supplied score; believed Goodreads, unverified",Award,61464,https://www.arbookfind.com/bookdetail.aspx?q=61464&l=EN,Renaissance,2026-09-28,Source checked,Hoot,,,,EN,Previously sourced,Present in supplied CSV,,2003 — Newbery — Honor,
a-corner-of-the-universe--ann-m-martin,Newbery,Honor,2003,A Corner of the Universe,Ann M. Martin,3.5,,,4.5,6,UG,,A girl's small-town summer changes when she meets an uncle whose differences expose both the possibilities and the limits of her family's understanding.,Original editorial summary,,,"Original supplied score; believed Goodreads, unverified",Award,,https://teton.wyldcatalog.org/Record/a1010367,Library catalog,2026-09-28,Source checked,A corner of the universe,,,,EN,Previously sourced,Original editorial summary; not independently source-checked,,2003 — Newbery — Honor,
surviving-the-applewhites--stephanie-s-tolan,Newbery,Honor,2003,Surviving the Applewhites,Stephanie S. Tolan,3.5,,,5.5,7,MG,,A troubled teenager moves in with an eccentric artistic family whose chaotic theatrical project gives him an unexpected chance to belong.,Original editorial summary,,,"Original supplied score; believed Goodreads, unverified",Award,,https://bookroo.com/books/surviving-the-applewhites,Bookroo,2026-10-06,Source checked,,,Secondary-source AR metadata; check the quiz and edition before assigning school credit.,Surviving the Applewhites,EN,Matched saved source evidence,Original editorial summary; not independently source-checked,,2003 — Newbery — Honor,
a-single-shard--linda-sue-park,Newbery,Medal,2002,A Single Shard,Linda Sue Park,4.5,,,6.6,6.0,MG,,"Tree-ear, an orphan in Korea, lives under a bridge in a potters' village and longs to learn how to throw…",Source excerpt,https://www.arbookfind.com/bookdetail.aspx?q=49768&l=EN,,"Original supplied score; believed Goodreads, unverified",Award,49768,https://www.arbookfind.com/bookdetail.aspx?q=49768&l=EN,Renaissance,2026-09-28,Source checked,A Single Shard,,,,EN,Previously sourced,Present in supplied CSV,,2002 — Newbery — Medal,
everything-on-a-waffle--polly-horvath,Newbery,Honor,2002,Everything on a Waffle,Polly Horvath,3.5,,,5.8,5.0,MG,,"Eleven-year-old Primrose, living in a small fishing village in British Columbia, recounts her experiences and all that she learns about…",Source excerpt,https://www.arbookfind.com/bookdetail.aspx?q=48071&l=EN,,"Original supplied score; believed Goodreads, unverified",Award,48071,https://www.arbookfind.com/bookdetail.aspx?q=48071&l=EN,Renaissance,2026-09-28,Source checked,Everything on a Waffle,,,,EN,Previously sourced,Present in supplied CSV,,2002 — Newbery — Honor,
carver-a-life-in-poems--marilyn-nelson,Newbery,Honor,2002,Carver: A Life in Poems,Marilyn Nelson,3.5,,,5.9,1,,,"No doubt for many young adults, George Washington Carver’s name brings to mind…",Source excerpt,https://school.teachingbooks.net/tb.cgi?tid=1203,,"Original supplied score; believed Goodreads, unverified",Award,59113,https://school.teachingbooks.net/tb.cgi?tid=1203,TeachingBooks,2026-09-28,Source checked,Carver: A Life in Poems,,,,EN,Previously sourced,Present in supplied CSV,,2002 — Newbery — Honor,
a-year-down-yonder--richard-peck,Newbery,Medal,2001,A Year Down Yonder,Richard Peck,4.5,,,4.5,4.0,MG,,"During the Great Depression, fifteen-year-old Mary Alice is sent to live with her feisty, larger-than-life grandmother in rural Illinois and…",Source excerpt,https://www.arbookfind.com/bookdetail.aspx?q=44671&l=EN,,"Original supplied score; believed Goodreads, unverified",Award,44671,https://www.arbookfind.com/bookdetail.aspx?q=44671&l=EN,Renaissance,2026-09-28,Source checked,A Year Down Yonder,,,,EN,Previously sourced,Present in supplied CSV,,2001 — Newbery — Medal,
hope-was-here--joan-bauer,Newbery,Honor,2001,Hope Was Here,Joan Bauer,4.0,,,5.1,6,MG,,"A teenage waitress and her aunt settle in Wisconsin, where a diner owner's campaign for mayor draws them into friendship, politics, and difficult choices.",Original editorial summary,,,"Original supplied score; believed Goodreads, unverified",Award,,https://catalog.ocls.org/OverDrive/kindle%3A90012a0f-457d-475d-a01a-5c44ed0548fe/Home,Library catalog,2026-10-06,Source checked,Original English novel,,Secondary-source AR metadata; confirm the matching quiz and edition with your school before assigning credit.,Hope Was Here,EN,Matched source evidence,Original editorial summary; not independently source-checked,,2001 — Newbery — Honor,
because-of-winn-dixie--kate-dicamillo,Newbery,Honor,2001,Because of Winn-Dixie,Kate DiCamillo,4.5,,,3.9,3.0,MG,,"Ten-year-old India Opal Buloni describes her first summer in the town of Naomi, Florida, and all the good things that…",Source excerpt,https://www.arbookfind.com/bookdetail.aspx?q=39557&l=EN,,"Original supplied score; believed Goodreads, unverified",Award,39557,https://www.arbookfind.com/bookdetail.aspx?q=39557&l=EN,Renaissance,2026-09-28,Source checked,Because of Winn-Dixie,,,,EN,Previously sourced,Present in supplied CSV,,2001 — Newbery — Honor,
joey-pigza-loses-control--jack-gantos,Newbery,Honor,2001,Joey Pigza Loses Control,Jack Gantos,3.5,,,4.9,7.0,MG,,"Joey, who is taking medication to keep him from getting too wired, goes to spend the summer with the father…",Source excerpt,https://www.arbookfind.com/bookdetail.aspx?q=45124&l=EN,,"Original supplied score; believed Goodreads, unverified",Award,45124,https://www.arbookfind.com/bookdetail.aspx?q=45124&l=EN,Renaissance,2026-09-28,Source checked,Joey Pigza Loses Control,,,,EN,Previously sourced,Present in supplied CSV,,2001 — Newbery — Honor,
the-wanderer--sharon-creech,Newbery,Honor,2001,The Wanderer,Sharon Creech,3.5,,,5.2,6.0,MG,,"Thirteen-year-old Sophie and her cousin Cody record their transatlantic crossing aboard ""The Wanderer,"" a forty-five-foot sailboat.",Source excerpt,https://www.arbookfind.com/bookdetail.aspx?q=36678&l=EN,,"Original supplied score; believed Goodreads, unverified",Award,36678,https://www.arbookfind.com/bookdetail.aspx?q=36678&l=EN,Renaissance,2026-09-28,Source checked,The Wanderer,,,,EN,Previously sourced,Present in supplied CSV,,2001 — Newbery — Honor,
bud-not-buddy--christopher-paul-curtis,Newbery,Medal,2000,"Bud, Not Buddy",Christopher Paul Curtis,4.5,,,5.0,8.0,MG,,"Ten-year-old Bud, a motherless boy living in Flint, Michigan, during the Great Depression, escapes a bad foster home and sets…",Source excerpt,https://www.arbookfind.com/bookdetail.aspx?q=29554&l=EN,,"Original supplied score; believed Goodreads, unverified",Award,29554,https://www.arbookfind.com/bookdetail.aspx?q=29554&l=EN,Renaissance,2026-09-28,Source checked,"Bud, Not Buddy",,,,EN,Previously sourced,Present in supplied CSV,,2000 — Newbery — Medal,
getting-near-to-baby--audrey-couloumbis,Newbery,Honor,2000,Getting Near to Baby,Audrey Couloumbis,3.0,,,5.1,6,,,"After their baby sister's death, two girls struggle with grief, separation from their mother, and life with relatives who do not understand them.",Original editorial summary,,,"Original supplied score; believed Goodreads, unverified",Award,32742,https://library.teachingbooks.net/tb.cgi?tid=2631,TeachingBooks,2026-10-06,Source checked,,,,Getting Near to Baby,EN,Matched saved source evidence,Original editorial summary; not independently source-checked,,2000 — Newbery — Honor,
our-only-may-amelia--jennifer-l-holm,Newbery,Honor,2000,Our Only May Amelia,Jennifer L. Holm,3.5,,,4.8,7,MG,,May Amelia Jackson is the youngest and only daughter born to a Finnish American family…,Source excerpt,https://school.teachingbooks.net/tb.cgi?tid=5201,,"Original supplied score; believed Goodreads, unverified",Award,35294,https://school.teachingbooks.net/tb.cgi?tid=5201,TeachingBooks,2026-09-28,Source checked,Our Only May Amelia,,,,EN,Previously sourced,Present in supplied CSV,,2000 — Newbery — Honor,
26-fairmount-avenue--tomie-depaola,Newbery,Honor,2000,26 Fairmount Avenue,Tomie dePaola,3.5,,,4.4,1.0,LG,,Children's author-illustrator Tomie De Paola describes his experiences at home and in school when he was a boy.,Source excerpt,https://www.arbookfind.com/bookdetail.aspx?q=30629&l=EN,,"Original supplied score; believed Goodreads, unverified",Award,30629,https://www.arbookfind.com/bookdetail.aspx?q=30629&l=EN,Renaissance,2026-09-28,Source checked,26 Fairmount Avenue,,,,EN,Previously sourced,Present in supplied CSV,,2000 — Newbery — Honor,
holes--louis-sachar,Newbery,Medal,1999,Holes,Louis Sachar,5.0,,,4.6,7.0,MG,,"At a punitive desert camp, a boy ordered to dig holes discovers connections among buried treasure, family history and injustice.",Original summary,,,"Original supplied score; believed Goodreads, unverified",Award,28081,https://www.arbookfind.com/bookdetail.aspx?q=28081&l=EN,Renaissance,2026-09-28,Source checked,Holes,,,,EN,Previously sourced,Present in supplied CSV,,1999 — Newbery — Medal,
a-long-way-from-chicago--richard-peck,Newbery,Honor,1999,A Long Way from Chicago,Richard Peck,4.5,,,5,5,,,"Summer visits with an audacious grandmother introduce two city children to small-town schemes, surprising kindness and Depression-era hardship.",Original summary,,,"Original supplied score; believed Goodreads, unverified",Award,27940,https://school.teachingbooks.net/qlveau5,TeachingBooks,2026-10-06,Source checked,Matched title variant: A Long Way From Chicago,,,A Long Way From Chicago,EN,Matched saved source evidence,Present in supplied CSV,,1999 — Newbery — Honor; 2001 — Beehive — Young Adult,
out-of-the-dust--karen-hesse,Newbery,Medal,1998,Out of the Dust,Karen Hesse,4.0,,,5.3,3.0,MG,,"In a series of poems, fourteen-year-old Billie Jo relates the hardships of living on her family's wheat farm during the…",Source excerpt,https://www.arbookfind.com/bookdetail.aspx?q=18783&l=EN,,"Original supplied score; believed Goodreads, unverified",Award,18783,https://www.arbookfind.com/bookdetail.aspx?q=18783&l=EN,Renaissance,2026-09-28,Source checked,Out of the Dust,,,,EN,Previously sourced,Present in supplied CSV,,1998 — Newbery — Medal,
ella-enchanted--gail-carson-levine,Newbery,Honor,1998,Ella Enchanted,Gail Carson Levine,4.5,,,4.6,8.0,MG,,"In this novel based on Cinderella, Ella struggles against the childhood curse that forces her to obey any order given.",Source excerpt,https://www.arbookfind.com/bookdetail.aspx?q=17769&l=EN,,"Original supplied score; believed Goodreads, unverified",Award,17769,https://www.arbookfind.com/bookdetail.aspx?q=17769&l=EN,Renaissance,2026-09-28,Source checked,Ella Enchanted,,,,EN,Previously sourced,Present in supplied CSV,,1998 — Newbery — Honor,
lily-s-crossing--patricia-reilly-giff,Newbery,Honor,1998,Lily's Crossing,Patricia Reilly Giff,3.5,,,4.6,5,MG,,Although Lily generally looks forward to spending the summer at her family's…,Source excerpt,https://school.teachingbooks.net/tb.cgi?tid=4022,,"Original supplied score; believed Goodreads, unverified",Award,17781,https://school.teachingbooks.net/tb.cgi?tid=4022,TeachingBooks,2026-09-28,Source checked,Lily's Crossing,,,,EN,Previously sourced,Present in supplied CSV,,1998 — Newbery — Honor,
wringer--jerry-spinelli,Newbery,Honor,1998,Wringer,Jerry Spinelli,3.5,,,4.5,5.0,MG,,"As Palmer comes of age, he must either accept the violence of being a wringer at his town's annual Pigeon…",Source excerpt,https://www.arbookfind.com/bookdetail.aspx?q=17800&l=EN,,"Original supplied score; believed Goodreads, unverified",Award,17800,https://www.arbookfind.com/bookdetail.aspx?q=17800&l=EN,Renaissance,2026-09-28,Source checked,Wringer,,,,EN,Previously sourced,Present in supplied CSV,,1998 — Newbery — Honor,
the-view-from-saturday--e-l-konigsburg,Newbery,Medal,1997,The View from Saturday,E.L. Konigsburg,3.5,,,5.9,7.0,MG,,"Four students, with their own individual stories, develop a special bond and attract the attention of their teacher, a paraplegic,…",Source excerpt,https://www.arbookfind.com/bookdetail.aspx?q=15098&l=EN,,"Original supplied score; believed Goodreads, unverified",Award,15098,https://www.arbookfind.com/bookdetail.aspx?q=15098&l=EN,Renaissance,2026-09-28,Source checked,The View from Saturday,,,,EN,Previously sourced,Present in supplied CSV,,1997 — Newbery — Medal,
a-girl-named-disaster--nancy-farmer,Newbery,Honor,1997,A Girl Named Disaster,Nancy Farmer,3.5,,,5.1,14,UG,,"A young girl's spell-binding, treacherous journey from her village in Mozambique…",Source excerpt,https://school.teachingbooks.net/tb.cgi?tid=2678,,"Original supplied score; believed Goodreads, unverified",Award,15809,https://school.teachingbooks.net/tb.cgi?tid=2678,TeachingBooks,2026-09-28,Source checked,A Girl Named Disaster,,,,EN,Previously sourced,Present in supplied CSV,,1997 — Newbery — Honor,
the-moorchild--eloise-mcgraw,Newbery,Honor,1997,The Moorchild,Eloise McGraw,4.0,,,5.5,9.0,MG,,"Feeling that she is neither fully human nor ""Folk,"" a changeling learns her true identity and attempts to find the…",Source excerpt,https://www.arbookfind.com/bookdetail.aspx?q=15500&l=EN,,"Original supplied score; believed Goodreads, unverified",Award,15500,https://www.arbookfind.com/bookdetail.aspx?q=15500&l=EN,Renaissance,2026-09-28,Source checked,The Moorchild,,,,EN,Previously sourced,Present in supplied CSV,,1997 — Newbery — Honor,
the-thief--megan-whalen-turner,Newbery,Honor,1997,The Thief,Megan Whalen Turner,4.5,,,6.0,11.0,MG+,,Gen flaunts his ingenuity as a thief and relishes the adventure which takes him to a remote temple of the…,Source excerpt,https://www.arbookfind.com/bookdetail.aspx?q=15792&l=EN,,"Original supplied score; believed Goodreads, unverified",Award,15792,https://www.arbookfind.com/bookdetail.aspx?q=15792&l=EN,Renaissance,2026-09-28,Source checked,The Thief,,,,EN,Previously sourced,Present in supplied CSV,,1997 — Newbery — Honor,
belle-prater-s-boy--ruth-white,Newbery,Honor,1997,Belle Prater's Boy,Ruth White,3.5,,,4.4,5.0,UG,,"When Woodrow's mother suddenly disappears, he moves to his grandparents' home in a small Virginia town where he befriends his…",Source excerpt,https://www.arbookfind.com/bookdetail.aspx?q=15791&l=EN,,"Original supplied score; believed Goodreads, unverified",Award,15791,https://www.arbookfind.com/bookdetail.aspx?q=15791&l=EN,Renaissance,2026-09-28,Source checked,Belle Prater's Boy,,,,EN,Previously sourced,Present in supplied CSV,,1997 — Newbery — Honor,
the-midwife-s-apprentice--karen-cushman,Newbery,Medal,1996,The Midwife's Apprentice,Karen Cushman,3.5,,,6.0,3.0,MG,,"In medieval England, a nameless, homeless girl is taken in by a sharp-tempered midwife, and in spite of obstacles and…",Source excerpt,https://www.arbookfind.com/bookdetail.aspx?q=11553&l=EN,,"Original supplied score; believed Goodreads, unverified",Award,11553,https://www.arbookfind.com/bookdetail.aspx?q=11553&l=EN,Renaissance,2026-09-28,Source checked,The Midwife's Apprentice,,,,EN,Previously sourced,Present in supplied CSV,,1996 — Newbery — Medal,
what-jamie-saw--carolyn-coman,Newbery,Honor,1996,What Jamie Saw,Carolyn Coman,3.0,,,5.4,3,,,"A young boy, his mother, and his baby sister leave a violent household and cautiously begin building a safer life.",Original editorial summary,,,"Original supplied score; believed Goodreads, unverified",Award,15819,https://library.teachingbooks.net/tb.cgi?tid=8754,TeachingBooks,2026-10-06,Source checked,,,,What Jamie Saw,EN,Matched saved source evidence,Original editorial summary; not independently source-checked,,1996 — Newbery — Honor,
the-watsons-go-to-birmingham-1963--christopher-paul-curtis,Newbery,Honor,1996,The Watsons Go to Birmingham: 1963,Christopher Paul Curtis,4.5,,,5.0,8.0,MG,,"The everyday routines of the Watsons, an African American family living in Michigan in 1963, are drastically changed after a…",Source excerpt,https://www.arbookfind.com/bookdetail.aspx?q=11552&l=EN,,"Original supplied score; believed Goodreads, unverified",Award,11552,https://www.arbookfind.com/bookdetail.aspx?q=11552&l=EN,Renaissance,2026-09-28,Source checked,The Watsons Go to Birmingham--1963,,,,EN,Previously sourced,Present in supplied CSV,,1996 — Newbery — Honor,
yolonda-s-genius--carol-fenner,Newbery,Honor,1996,Yolonda's Genius,Carol Fenner,3.5,,,,,,,A girl adjusting to a new town recognizes her younger brother's musical gift and sets out to make others notice it.,Original editorial summary,,,"Original supplied score; believed Goodreads, unverified",Award,,,,,Not yet verified,,,No matching English quiz confirmed in the evidence reviewed. Blank does not mean zero points or that no quiz exists.,,,Searched; not yet verified,Original editorial summary; not independently source-checked,,1996 — Newbery — Honor,
the-great-fire--jim-murphy,Newbery,Honor,1996,The Great Fire,Jim Murphy,4.0,,,7.6,4.0,UG,,"Within the thirty-one hours of terror, over 100,000 people were forced to flee the flames of the Great Chicago Fire.…",Source excerpt,https://www.arbookfind.com/bookdetail.aspx?q=14532&l=EN,,"Original supplied score; believed Goodreads, unverified",Award,14532,https://www.arbookfind.com/bookdetail.aspx?q=14532&l=EN,Renaissance,2026-09-28,Source checked,The Great Fire,,,,EN,Previously sourced,Present in supplied CSV,,1996 — Newbery — Honor,
walk-two-moons--sharon-creech,Newbery,Medal,1995,Walk Two Moons,Sharon Creech,4.5,,,4.9,9.0,MG,,"After her mother leaves home suddenly, thirteen-year-old Sal and her grandparents take a car trip retracing her mother's route. Along…",Source excerpt,https://www.arbookfind.com/bookdetail.aspx?q=10299&l=EN,,"Original supplied score; believed Goodreads, unverified",Award,10299,https://www.arbookfind.com/bookdetail.aspx?q=10299&l=EN,Renaissance,2026-09-28,Source checked,Walk Two Moons,,,,EN,Previously sourced,Present in supplied CSV,,1995 — Newbery — Medal,
catherine-called-birdy--karen-cushman,Newbery,Honor,1995,"Catherine, Called Birdy",Karen Cushman,4.0,,,6.4,8.0,UG,,"The daughter of an English country knight keeps a journal in which she records the events of her life, particularly…",Source excerpt,https://www.arbookfind.com/bookdetail.aspx?q=8693&l=EN,,"Original supplied score; believed Goodreads, unverified",Award,8693,https://www.arbookfind.com/bookdetail.aspx?q=8693&l=EN,Renaissance,2026-09-28,Source checked,"Catherine, Called Birdy",,,,EN,Previously sourced,Present in supplied CSV,,1995 — Newbery — Honor,
the-ear-the-eye-and-the-arm--nancy-farmer,Newbery,Honor,1995,"The Ear, the Eye and the Arm",Nancy Farmer,4.0,,,4.7,12,UG,,When the three children of General Amadeus Matsika connive their way out of their…,Source excerpt,https://library.teachingbooks.net/tb.cgi?tid=2040,,"Original supplied score; believed Goodreads, unverified",Award,11713,https://library.teachingbooks.net/tb.cgi?tid=2040,TeachingBooks,2026-09-28,Source checked,"The Ear, the Eye, and the Arm",,,,EN,Previously sourced,Present in supplied CSV,,1995 — Newbery — Honor,
the-giver--lois-lowry,Newbery,Medal,1994,The Giver,Lois Lowry,5.0,,,5.7,7.0,MG,,A boy chosen to inherit his community's memories discovers what its carefully controlled peace has cost.,Original summary,,,"Original supplied score; believed Goodreads, unverified",Award,8568,https://www.arbookfind.com/bookdetail.aspx?q=8568&l=EN,Renaissance,2026-09-28,Source checked,The Giver,,,,EN,Previously sourced,Present in supplied CSV,,1994 — Newbery — Medal,
crazy-lady--jane-leslie-conly,Newbery,Honor,1994,Crazy Lady,Jane Leslie Conly,3.5,,,3.8,5.0,MG,,"Although Vernon joins his friends in ridiculing the neighborhood outcasts, he develops a social conscience after all.",Source excerpt,https://www.arbookfind.com/bookdetail.aspx?q=8513&l=EN,,"Original supplied score; believed Goodreads, unverified",Award,8513,https://www.arbookfind.com/bookdetail.aspx?q=8513&l=EN,Renaissance,2026-09-28,Source checked,Crazy Lady!,,,,EN,Previously sourced,Present in supplied CSV,,1994 — Newbery — Honor,
dragon-s-gate--laurence-yep,Newbery,Honor,1994,Dragon's Gate,Laurence Yep,3.5,,,5.3,10,MG+,,A Chinese teenager joins his father in America and faces dangerous labor and discrimination while helping build the transcontinental railroad.,Original editorial summary,,,"Original supplied score; believed Goodreads, unverified",Award,10113,https://bookroo.com/books/dragons-gate-golden-mountain-chronicles,Bookroo,2026-10-06,Source checked,,,Secondary-source AR metadata; check the quiz and edition before assigning school credit.,Dragon's Gate,EN,Matched saved source evidence,Original editorial summary; not independently source-checked,,1994 — Newbery — Honor,
eleanor-roosevelt--russell-freedman,Newbery,Honor,1994,Eleanor Roosevelt,Russell Freedman,3.5,,,7.8,6,MG,,An illustrated biography traces Eleanor Roosevelt's transformation from an insecure young woman into a public leader and advocate for human rights.,Original editorial summary,,,"Original supplied score; believed Goodreads, unverified",Award,8464,https://bookroo.com/books/eleanor-roosevelt-a-life-of-discovery,Bookroo,2026-10-06,Source checked,,,Secondary-source AR metadata; check the quiz and edition before assigning school credit.,Eleanor Roosevelt,EN,Matched saved source evidence,Original editorial summary; not independently source-checked,,1994 — Newbery — Honor,
missing-may--cynthia-rylant,Newbery,Medal,1993,Missing May,Cynthia Rylant,3.5,,,5.3,3,MG,,"""It was a reliable garden, and friendly, and both Ob and me finally thought it right…",Source excerpt,https://school.teachingbooks.net/tb.cgi?tid=4596,,"Original supplied score; believed Goodreads, unverified",Award,6673,https://school.teachingbooks.net/tb.cgi?tid=4596,TeachingBooks,2026-09-28,Source checked,Missing May,,,,EN,Previously sourced,Present in supplied CSV,,1993 — Newbery — Medal,
what-hearts--bruce-brooks,Newbery,Honor,1993,What Hearts,Bruce Brooks,3.0,,,,,,,"Four connected stories follow a boy through changes in school, friendship, and family, showing how fragile his understanding of other people can be.",Original editorial summary,,,"Original supplied score; believed Goodreads, unverified",Award,,,,,Not yet verified,,,No matching English quiz confirmed in the evidence reviewed. Blank does not mean zero points or that no quiz exists.,,,Searched; not yet verified,Original editorial summary; not independently source-checked,,1993 — Newbery — Honor,
the-dark-thirty--patricia-mckissack,Newbery,Honor,1993,The Dark-Thirty,Patricia McKissack,4.0,,,4.6,4,,,"A collection of supernatural tales draws on African American history and storytelling traditions, blending ghostly encounters with injustice, courage, and survival.",Original editorial summary,,,"Original supplied score; believed Goodreads, unverified",Award,7855,https://school.teachingbooks.net/tb.cgi?tid=11252,TeachingBooks,2026-10-06,Source checked,Matched title variant: The Dark-Thirty: Southern Tales of the Supernatural,,,The Dark-Thirty: Southern Tales of the Supernatural,EN,Matched saved source evidence,Original editorial summary; not independently source-checked,,1993 — Newbery — Honor,
somewhere-in-the-darkness--walter-dean-myers,Newbery,Honor,1993,Somewhere in the Darkness,Walter Dean Myers,3.5,,,4.4,6,,,Jimmy has little choice when his long-absent father Crab re-enters his life and takes…,Source excerpt,https://school.teachingbooks.net/tb.cgi?tid=6291,,"Original supplied score; believed Goodreads, unverified",Award,8587,https://school.teachingbooks.net/tb.cgi?tid=6291,TeachingBooks,2026-09-28,Source checked,Somewhere in the Darkness,,,,EN,Previously sourced,Present in supplied CSV,,1993 — Newbery — Honor,
shiloh--phyllis-reynolds-naylor,Newbery,Medal,1992,Shiloh,Phyllis Reynolds Naylor,4.0,,,4.4,4.0,MG,,"When he finds a lost beagle in the hills behind his West Virginia home, Marty tries to hide it from…",Source excerpt,https://www.arbookfind.com/bookdetail.aspx?q=5440&l=EN,,"Original supplied score; believed Goodreads, unverified",Award,5440,https://www.arbookfind.com/bookdetail.aspx?q=5440&l=EN,Renaissance,2026-09-28,Source checked,Shiloh (English),,,,EN,Previously sourced,Present in supplied CSV,,1992 — Newbery — Medal,
nothing-but-the-truth--avi,Newbery,Honor,1992,Nothing But the Truth,Avi,4.0,,,3.6,4.0,UG,,"A ninth-grader's suspension for humming ""The Star-Spangled Banner"" during homeroom becomes a national news story.",Source excerpt,https://www.arbookfind.com/bookdetail.aspx?q=7014&l=EN,,"Original supplied score; believed Goodreads, unverified",Award,7014,https://www.arbookfind.com/bookdetail.aspx?q=7014&l=EN,Renaissance,2026-09-28,Source checked,Nothing but the Truth,,,,EN,Previously sourced,Present in supplied CSV,,1992 — Newbery — Honor,
the-wright-brothers--russell-freedman,Newbery,Honor,1992,The Wright Brothers,Russell Freedman,4.0,,,,,,,A photo-illustrated biography follows Wilbur and Orville Wright's experiments and persistence as they develop powered flight.,Original editorial summary,,,"Original supplied score; believed Goodreads, unverified",Award,,,,,Not yet verified,,,No matching English quiz confirmed in the evidence reviewed. Blank does not mean zero points or that no quiz exists.,,,Searched; not yet verified,Original editorial summary; not independently source-checked,,1992 — Newbery — Honor,
maniac-magee--jerry-spinelli,Newbery,Medal,1991,Maniac Magee,Jerry Spinelli,4.0,,,4.7,5.0,MG,,"After his parents die, Jeffrey Lionel Magee's life becomes legendary as he accomplishes athletic and other feats that awe his…",Source excerpt,https://www.arbookfind.com/bookdetail.aspx?q=5075&l=EN,,"Original supplied score; believed Goodreads, unverified",Award,5075,https://www.arbookfind.com/bookdetail.aspx?q=5075&l=EN,Renaissance,2026-09-28,Source checked,Maniac Magee,,,,EN,Previously sourced,Present in supplied CSV,,1991 — Newbery — Medal,
the-true-confessions-of-charlotte-doyle--avi,Newbery,Honor,1991,The True Confessions of Charlotte Doyle,Avi,4.5,,,5.3,8.0,MG,,"A privileged girl aboard a transatlantic ship becomes caught between a brutal captain, a rebellious crew and her own changing loyalties.",Original summary,,,"Original supplied score; believed Goodreads, unverified",Award,5093,https://www.arbookfind.com/bookdetail.aspx?q=5093&l=EN,Renaissance,2026-09-28,Source checked,The True Confessions of Charlotte Doyle,,,,EN,Previously sourced,Present in supplied CSV,,1991 — Newbery — Honor; 1994 — Beehive — Young Adult,
number-the-stars--lois-lowry,Newbery,Medal,1990,Number the Stars,Lois Lowry,4.5,,,4.5,4.0,MG,,"In 1943, during the German occupation of Denmark, ten-year-old Annemarie learns how to be courageous when she helps shelter her…",Source excerpt,https://www.arbookfind.com/bookdetail.aspx?q=379&l=EN,,"Original supplied score; believed Goodreads, unverified",Award,379,https://www.arbookfind.com/bookdetail.aspx?q=379&l=EN,Renaissance,2026-09-28,Source checked,Number the Stars,,,,EN,Previously sourced,Present in supplied CSV,,1990 — Newbery — Medal,
afternoon-of-the-elves--janet-taylor-lisle,Newbery,Honor,1990,Afternoon of the Elves,Janet Taylor Lisle,3.5,,,5,4,MG,,A girl becomes fascinated by a neighbor's miniature elf village and gradually discovers the painful reality behind her friend's imaginative world.,Original editorial summary,,,"Original supplied score; believed Goodreads, unverified",Award,,https://bookroo.com/books/afternoon-of-the-elves,Bookroo,2026-10-06,Source checked,,,Secondary-source AR metadata; check the quiz and edition before assigning school credit.,Afternoon of the Elves,EN,Matched saved source evidence,Original editorial summary; not independently source-checked,,1990 — Newbery — Honor,
shabanu-daughter-of-the-wind--suzanne-fisher-staples,Newbery,Honor,1990,"Shabanu, Daughter of the Wind",Suzanne Fisher Staples,3.5,,,5.9,9.0,UG,,"When eleven-year-old Shabanu is pledged in marriage to an older man whose money will bring prestige to the family, she…",Source excerpt,https://www.arbookfind.com/bookdetail.aspx?q=7122&l=EN,,"Original supplied score; believed Goodreads, unverified",Award,7122,https://www.arbookfind.com/bookdetail.aspx?q=7122&l=EN,Renaissance,2026-09-28,Source checked,Shabanu: Daughter of the Wind,,,,EN,Previously sourced,Present in supplied CSV,,1990 — Newbery — Honor,
the-winter-room--gary-paulsen,Newbery,Honor,1990,The Winter Room,Gary Paulsen,3.0,,,5.0,3.0,MG,,A young boy growing up on a northern Minnesota farm describes the scenes around him and recounts his old Norwegian…,Source excerpt,https://www.arbookfind.com/bookdetail.aspx?q=398&l=EN,,"Original supplied score; believed Goodreads, unverified",Award,398,https://www.arbookfind.com/bookdetail.aspx?q=398&l=EN,Renaissance,2026-09-28,Source checked,The Winter Room,,,,EN,Previously sourced,Present in supplied CSV,,1990 — Newbery — Honor,
joyful-noise--paul-fleischman,Newbery,Medal,1989,Joyful Noise,Paul Fleischman,4.0,,,,,,,"Poems written for two voices turn insects' lives into overlapping sounds and perspectives, inviting readers to perform them together.",Original editorial summary,,,"Original supplied score; believed Goodreads, unverified",Award,,,,,Not yet verified,,,No matching English quiz confirmed in the evidence reviewed. Blank does not mean zero points or that no quiz exists.,,,Searched; not yet verified,Original editorial summary; not independently source-checked,,1989 — Newbery — Medal,
in-the-beginning--virginia-hamilton,Newbery,Honor,1989,In the Beginning,Virginia Hamilton,3.5,,,4.5,3,,,"Creation stories from different cultures offer varied accounts of how the world, human beings, and living things came into existence.",Original editorial summary,,,"Original supplied score; believed Goodreads, unverified",Award,30669,https://school.teachingbooks.net/tb.cgi?tid=11378,TeachingBooks,2026-10-06,Source checked,Matched title variant: In the Beginning: Creation Stories from Around the World,,,In the Beginning: Creation Stories from Around the World,EN,Matched saved source evidence,Original editorial summary; not independently source-checked,,1989 — Newbery — Honor,
scorpions--walter-dean-myers,Newbery,Honor,1989,Scorpions,Walter Dean Myers,3.5,,,3.7,6.0,MG+,,"After reluctantly taking on the leadership of the Harlem gang, the Scorpions, Jamal finds that his enemies treat him with…",Source excerpt,https://www.arbookfind.com/bookdetail.aspx?q=386&l=EN,,"Original supplied score; believed Goodreads, unverified",Award,386,https://www.arbookfind.com/bookdetail.aspx?q=386&l=EN,Renaissance,2026-09-28,Source checked,Scorpions,,,,EN,Previously sourced,Present in supplied CSV,,1989 — Newbery — Honor,
lincoln-a-photobiography--russell-freedman,Newbery,Medal,1988,Lincoln: A Photobiography,Russell Freedman,4.0,,,7.7,5.0,MG,,Photographs and text trace the life of the Civil War President.,Source excerpt,https://www.arbookfind.com/bookdetail.aspx?q=238&l=EN,,"Original supplied score; believed Goodreads, unverified",Award,238,https://www.arbookfind.com/bookdetail.aspx?q=238&l=EN,Renaissance,2026-09-28,Source checked,Lincoln: A Photobiography,,,,EN,Previously sourced,Present in supplied CSV,,1988 — Newbery — Medal,
after-the-rain--norma-fox-mazer,Newbery,Honor,1988,After the Rain,Norma Fox Mazer,3.0,,,,,,,A teenager's complicated relationship with her grandfather deepens as his serious illness changes how they see and speak to each other.,Original editorial summary,,,"Original supplied score; believed Goodreads, unverified",Award,,,,,Not yet verified,,,No matching English quiz confirmed in the evidence reviewed. Blank does not mean zero points or that no quiz exists.,,,Searched; not yet verified,Original editorial summary; not independently source-checked,,1988 — Newbery — Honor,
hatchet--gary-paulsen,Newbery,Honor,1988,Hatchet,Gary Paulsen,4.5,,,5.7,7.0,MG,,"After a plane crash, a boy alone in the Canadian wilderness learns survival through mistakes, observation and persistence.",Original summary,,,"Original supplied score; believed Goodreads, unverified",Award,367,https://www.arbookfind.com/bookdetail.aspx?q=367&l=EN,Renaissance,2026-09-28,Source checked,Hatchet,,,,EN,Previously sourced,Present in supplied CSV,,1988 — Newbery — Honor,
the-whipping-boy--sid-fleischman,Newbery,Medal,1987,The Whipping Boy,Sid Fleischman,3.5,,,3.9,2.0,MG,,A bratty prince and his whipping boy have many adventures when they inadvertently trade places.,Source excerpt,https://www.arbookfind.com/bookdetail.aspx?q=146&l=EN,,"Original supplied score; believed Goodreads, unverified",Award,146,https://www.arbookfind.com/bookdetail.aspx?q=146&l=EN,Renaissance,2026-09-28,Source checked,The Whipping Boy,,,,EN,Previously sourced,Present in supplied CSV,,1987 — Newbery — Medal,
a-fine-white-dust--cynthia-rylant,Newbery,Honor,1987,A Fine White Dust,Cynthia Rylant,3.0,,,4.2,3,MG,,A boy drawn to a charismatic traveling preacher must reckon with disappointment and find a more personal understanding of faith.,Original editorial summary,,,"Original supplied score; believed Goodreads, unverified",Award,,https://librarycatalog.folsom.ca.us/Record/.b13732559,Library catalog,2026-10-06,Source checked,Original English novel,,Secondary-source AR metadata; confirm the matching quiz and edition with your school before assigning credit.,A Fine White Dust,EN,Matched source evidence,Original editorial summary; not independently source-checked,,1987 — Newbery — Honor,
on-my-honor--marion-dane-bauer,Newbery,Honor,1987,On My Honor,Marion Dane Bauer,3.5,,,4.7,2.0,MG,,When his best friend drowns while they are both swimming in a treacherous river that they had promised never to…,Source excerpt,https://www.arbookfind.com/bookdetail.aspx?q=128&l=EN,,"Original supplied score; believed Goodreads, unverified",Award,128,https://www.arbookfind.com/bookdetail.aspx?q=128&l=EN,Renaissance,2026-09-28,Source checked,On My Honor,,,,EN,Previously sourced,Present in supplied CSV,,1987 — Newbery — Honor,
volcano--patricia-lauber,Newbery,Honor,1987,Volcano,Patricia Lauber,3.5,,,5.2,1,,,Photographs and accessible science explain Mount St. Helens's eruption and the return of plants and animals to the altered landscape.,Original editorial summary,,,"Original supplied score; believed Goodreads, unverified",Award,6745,https://school.teachingbooks.net/tb.cgi?tid=7125,TeachingBooks,2026-10-06,Source checked,Matched title variant: Volcano: The Eruption and Healing of Mount St. Helens,,,Volcano: The Eruption and Healing of Mount St. Helens,EN,Matched saved source evidence,Original editorial summary; not independently source-checked,,1987 — Newbery — Honor,
sarah-plain-and-tall--patricia-maclachlan,Newbery,Medal,1986,"Sarah, Plain and Tall",Patricia MacLachlan,4.0,,,3.4,1.0,MG,,"In this loving story of a motherless family, a tall, plain woman comes to stay with them.",Source excerpt,https://www.arbookfind.com/bookdetail.aspx?q=137&l=EN,,"Original supplied score; believed Goodreads, unverified",Award,137,https://www.arbookfind.com/bookdetail.aspx?q=137&l=EN,Renaissance,2026-09-28,Source checked,"Sarah, Plain and Tall",,,,EN,Previously sourced,Present in supplied CSV,,1986 — Newbery — Medal,
commodore-perry-in-the-land-of-the-shogun--rhoda-blumberg,Newbery,Honor,1986,Commodore Perry in the Land of the Shogun,Rhoda Blumberg,3.5,,,,,,,An illustrated history examines Commodore Perry's arrival in Japan and the confrontation that helped end the country's long period of restricted foreign contact.,Original editorial summary,,,"Original supplied score; believed Goodreads, unverified",Award,,,,,Not yet verified,,,No matching English quiz confirmed in the evidence reviewed. Blank does not mean zero points or that no quiz exists.,,,Searched; not yet verified,Original editorial summary; not independently source-checked,,1986 — Newbery — Honor,
dogsong--gary-paulsen,Newbery,Honor,1986,Dogsong,Gary Paulsen,3.5,,,5.2,5.0,MG,,"A fourteen-year-old Inuit boy, who feels assailed by the modernity of his life, takes a 1,400-mile journey by dog sled…",Source excerpt,https://www.arbookfind.com/bookdetail.aspx?q=360&l=EN,,"Original supplied score; believed Goodreads, unverified",Award,360,https://www.arbookfind.com/bookdetail.aspx?q=360&l=EN,Renaissance,2026-09-28,Source checked,Dogsong,,,,EN,Previously sourced,Present in supplied CSV,,1986 — Newbery — Honor,
the-hero-and-the-crown--robin-mckinley,Newbery,Medal,1985,The Hero and the Crown,Robin McKinley,4.0,,,7.0,15.0,MG,,"Aerin, with the guidance of the wizard Luthe and the help of the blue sword, wins the birthright due her…",Source excerpt,https://www.arbookfind.com/bookdetail.aspx?q=227&l=EN,,"Original supplied score; believed Goodreads, unverified",Award,227,https://www.arbookfind.com/bookdetail.aspx?q=227&l=EN,Renaissance,2026-09-28,Source checked,The Hero and the Crown,,,,EN,Previously sourced,Present in supplied CSV,,1985 — Newbery — Medal,
like-jake-and-me--mavis-jukes,Newbery,Honor,1985,Like Jake and Me,Mavis Jukes,3.0,,,2.9,0.5,LG,,Alex feels that he does not have much in common with his stepfather Jake until a fuzzy spider brings them…,Source excerpt,https://discover.knoxcountylibrary.org/Record/76925,,"Original supplied score; believed Goodreads, unverified",Award,326,https://school.teachingbooks.net/tb.cgi?tid=11382,TeachingBooks,2026-09-28,Source checked,Like Jake and Me,,,,EN,Previously sourced,Present in supplied CSV,,1985 — Newbery — Honor,
the-moves-make-the-man--bruce-brooks,Newbery,Honor,1985,The Moves Make the Man,Bruce Brooks,3.5,,,5.4,11.0,UG,,A black boy and an emotionally troubled white boy in North Carolina form a precarious friendship.,Source excerpt,https://www.arbookfind.com/bookdetail.aspx?q=775&l=EN,,"Original supplied score; believed Goodreads, unverified",Award,775,https://www.arbookfind.com/bookdetail.aspx?q=775&l=EN,Renaissance,2026-09-28,Source checked,The Moves Make the Man,,,,EN,Previously sourced,Present in supplied CSV,,1985 — Newbery — Honor,
one-eyed-cat--paula-fox,Newbery,Honor,1985,One-Eyed Cat,Paula Fox,3.5,,,5.4,7.0,MG,,Ned thinks he may have injured a wild cat when he recklessly fires a forbidden rifle into the dark shadows…,Source excerpt,https://www.arbookfind.com/bookdetail.aspx?q=241&l=EN,,"Original supplied score; believed Goodreads, unverified",Award,241,https://www.arbookfind.com/bookdetail.aspx?q=241&l=EN,Renaissance,2026-09-28,Source checked,One-Eyed Cat,,,,EN,Previously sourced,Present in supplied CSV,,1985 — Newbery — Honor,
dear-mr-henshaw--beverly-cleary,Newbery,Medal,1984,Dear Mr. Henshaw,Beverly Cleary,4.0,,,4.9,3.0,MG,,"Through letters and diary entries, a lonely boy writes about his parents' divorce, school difficulties, and his ambition to become an author.",Original editorial summary,,,"Original supplied score; believed Goodreads, unverified",Award,24,https://www.arbookfind.com/bookdetailprint.aspx?l=EN&q=24,Renaissance,2026-10-06,Source checked,,,,Dear Mr. Henshaw,EN,Matched saved source evidence,Original editorial summary; not independently source-checked,,1984 — Newbery — Medal,
the-sign-of-the-beaver--elizabeth-george-speare,Newbery,Honor,1984,The Sign of the Beaver,Elizabeth George Speare,3.5,,,4.9,5.0,MG,,"A boy in Maine, rescued by an Indian chief and his grandson, must decide whether to spend the winter alone…",Source excerpt,https://www.arbookfind.com/bookdetail.aspx?q=138&l=EN,,"Original supplied score; believed Goodreads, unverified",Award,138,https://www.arbookfind.com/bookdetail.aspx?q=138&l=EN,Renaissance,2026-09-28,Source checked,The Sign of the Beaver,,,,EN,Previously sourced,Present in supplied CSV,,1984 — Newbery — Honor,
a-solitary-blue--cynthia-voigt,Newbery,Honor,1984,A Solitary Blue,Cynthia Voigt,4.0,,,5.3,11,,,# A Solitary Blue,Source excerpt,https://school.teachingbooks.net/tb.cgi?tid=11384,,"Original supplied score; believed Goodreads, unverified",Award,388,https://school.teachingbooks.net/tb.cgi?tid=11384,TeachingBooks,2026-09-28,Source checked,A Solitary Blue,,,,EN,Previously sourced,Present in supplied CSV,,1984 — Newbery — Honor,
sugaring-time--kathryn-lasky,Newbery,Honor,1984,Sugaring Time,Kathryn Lasky,3.0,,,5.8,1,LG,,"Photographs and narrative follow a family's maple-sugaring season, showing how sap is gathered and transformed into syrup.",Original editorial summary,,,"Original supplied score; believed Goodreads, unverified",Award,,https://bookroo.com/books/sugaring-time,Bookroo,2026-10-06,Source checked,,,Secondary-source AR metadata; check the quiz and edition before assigning school credit.,Sugaring Time,EN,Matched saved source evidence,Original editorial summary; not independently source-checked,,1984 — Newbery — Honor,
the-wish-giver--bill-brittain,Newbery,Honor,1984,The Wish Giver,Bill Brittain,4.0,,,4.4,4.0,MG,,When a strange little man comes to the Coven Tree Church Social promising he can give people exactly what they…,Source excerpt,https://www.arbookfind.com/bookdetail.aspx?q=499&l=EN,,"Original supplied score; believed Goodreads, unverified",Award,499,https://www.arbookfind.com/bookdetail.aspx?q=499&l=EN,Renaissance,2026-09-28,Source checked,The Wish Giver,,,,EN,Previously sourced,Present in supplied CSV,,1984 — Newbery — Honor,
dicey-s-song--cynthia-voigt,Newbery,Medal,1983,Dicey's Song,Cynthia Voigt,4.0,,,5.0,11.0,UG,,"Left without their mother, Dicey shepherds her young siblings from Provincetown to Chesapeake Bay for a new beginning with their…",Source excerpt,https://www.arbookfind.com/bookdetail.aspx?q=110&l=EN,,"Original supplied score; believed Goodreads, unverified",Award,110,https://www.arbookfind.com/bookdetail.aspx?q=110&l=EN,Renaissance,2026-09-28,Source checked,Dicey's Song,,,,EN,Previously sourced,Present in supplied CSV,,1983 — Newbery — Medal,
the-blue-sword--robin-mckinley,Newbery,Honor,1983,The Blue Sword,Robin McKinley,4.5,,,6.8,17.0,MG,,"Harry, bored with her sheltered life on the remote orange-growing colony of Daria, discovers magic in herself when she is…",Source excerpt,https://www.arbookfind.com/bookdetail.aspx?q=106&l=EN,,"Original supplied score; believed Goodreads, unverified",Award,106,https://www.arbookfind.com/bookdetail.aspx?q=106&l=EN,Renaissance,2026-09-28,Source checked,The Blue Sword,,,,EN,Previously sourced,Present in supplied CSV,,1983 — Newbery — Honor,
doctor-de-soto--william-steig,Newbery,Honor,1983,Doctor De Soto,William Steig,4.5,,,,,,,"A mouse dentist agrees to treat a fox with a toothache, then devises a clever way to avoid becoming his patient's next meal.",Original editorial summary,,,"Original supplied score; believed Goodreads, unverified",Award,,,,,Not yet verified,,,No matching English quiz confirmed in the evidence reviewed. Blank does not mean zero points or that no quiz exists.,,,Searched; not yet verified,Original editorial summary; not independently source-checked,,1983 — Newbery — Honor,
graven-images--paul-fleischman,Newbery,Honor,1983,Graven Images,Paul Fleischman,3.0,,,,,,,"Three unsettling stories center on objects and images whose mysterious powers expose secrets, desires, and unexpected consequences.",Original editorial summary,,,"Original supplied score; believed Goodreads, unverified",Award,,,,,Not yet verified,,,No matching English quiz confirmed in the evidence reviewed. Blank does not mean zero points or that no quiz exists.,,,Searched; not yet verified,Original editorial summary; not independently source-checked,,1983 — Newbery — Honor,
homesick--jean-fritz,Newbery,Honor,1983,Homesick,Jean Fritz,3.5,,,5.1,6,,,"Jean Fritz recalls her childhood in China, balancing affection for the place she knows with her longing for an imagined American home.",Original editorial summary,,,"Original supplied score; believed Goodreads, unverified",Award,118,https://school.teachingbooks.net/tb.cgi?tid=3124,TeachingBooks,2026-10-06,Source checked,Matched title variant: Homesick: My Own Story,,,Homesick: My Own Story,EN,Matched saved source evidence,Original editorial summary; not independently source-checked,,1983 — Newbery — Honor,
sweet-whispers-brother-rush--virginia-hamilton,Newbery,Honor,1983,"Sweet Whispers, Brother Rush",Virginia Hamilton,3.0,,,3.8,8,,,"Because her mother's work takes her far from home, 14-year-old Tree is left in charge…",Source excerpt,https://school.teachingbooks.net/tb.cgi?tid=6565,,"Original supplied score; believed Goodreads, unverified",Award,141,https://school.teachingbooks.net/tb.cgi?tid=6565,TeachingBooks,2026-09-28,Source checked,"Sweet Whispers, Brother Rush",,,,EN,Previously sourced,Present in supplied CSV,,1983 — Newbery — Honor,
a-visit-to-william-blake-s-inn--nancy-willard,Newbery,Medal,1982,A Visit to William Blake's Inn,Nancy Willard,3.5,,,4.5,0.5,MG,,"Playful poems imagine a magical inn inspired by William Blake, where extraordinary guests and animals share whimsical adventures.",Original editorial summary,,,"Original supplied score; believed Goodreads, unverified",Award,14444,https://bookroo.com/books/a-visit-to-william-blakes-inn,Bookroo,2026-10-06,Source checked,,,Secondary-source AR metadata; check the quiz and edition before assigning school credit.,A Visit to William Blake's Inn,EN,Matched saved source evidence,Original editorial summary; not independently source-checked,,1982 — Newbery — Medal,
ramona-quimby-age-8--beverly-cleary,Newbery,Honor,1982,"Ramona Quimby, Age 8",Beverly Cleary,4.5,,,5.6,3.0,MG,,"Now in third grade, Ramona rides the school bus alone and helps around the house while her mother works and…",Source excerpt,https://www.arbookfind.com/bookdetail.aspx?q=134&l=EN,,"Original supplied score; believed Goodreads, unverified",Award,134,https://www.arbookfind.com/bookdetail.aspx?q=134&l=EN,Renaissance,2026-09-28,Source checked,"Ramona Quimby, Age 8",,,,EN,Previously sourced,Present in supplied CSV,,1982 — Newbery — Honor,
upon-the-head-of-the-goat--aranka-siegal,Newbery,Honor,1982,Upon the Head of the Goat,Aranka Siegal,3.5,,,5.5,10,,,A memoir recounts a Jewish girl's childhood in Hungary as anti-Jewish persecution and war progressively destroy her family's security.,Original editorial summary,,,"Original supplied score; believed Goodreads, unverified",Award,394,https://school.teachingbooks.net/tb.cgi?tid=7075,TeachingBooks,2026-10-06,Source checked,Matched title variant: Upon the Head of the Goat: A Childhood in Hungary 1939-1944,,,Upon the Head of the Goat: A Childhood in Hungary 1939-1944,EN,Matched saved source evidence,Original editorial summary; not independently source-checked,,1982 — Newbery — Honor,
jacob-have-i-loved--katherine-paterson,Newbery,Medal,1981,Jacob Have I Loved,Katherine Paterson,4.0,,,5.7,8.0,MG,,"Feeling deprived all her life of schooling, friends, mother, and even her name by her twin sister, Louise finally begins…",Source excerpt,https://www.arbookfind.com/bookdetail.aspx?q=120&l=EN,,"Original supplied score; believed Goodreads, unverified",Award,120,https://www.arbookfind.com/bookdetail.aspx?q=120&l=EN,Renaissance,2026-09-28,Source checked,Jacob Have I Loved,,,,EN,Previously sourced,Present in supplied CSV,,1981 — Newbery — Medal,
the-fledgling--jane-langton,Newbery,Honor,1981,The Fledgling,Jane Langton,3.0,,,5.0,6.0,MG,,"Georgie's fondest hope, to be able to fly, is fleetingly fulfilled when she is befriended by a Canada goose. Book…",Source excerpt,https://www.arbookfind.com/bookdetail.aspx?q=114&l=EN,,"Original supplied score; believed Goodreads, unverified",Award,114,https://www.arbookfind.com/bookdetail.aspx?q=114&l=EN,Renaissance,2026-09-28,Source checked,The Fledgling,,,,EN,Previously sourced,Present in supplied CSV,,1981 — Newbery — Honor,
a-ring-of-endless-light--madeleine-l-engle,Newbery,Honor,1981,A Ring of Endless Light,Madeleine L'Engle,4.0,,,5.2,11.0,UG,,"Life is changing on Seven Bay Island for Vicky Austin, with Commander Rodney dead, her grandfather dying, and three boys…",Source excerpt,https://www.arbookfind.com/bookdetail.aspx?q=135&l=EN,,"Original supplied score; believed Goodreads, unverified",Award,135,https://www.arbookfind.com/bookdetail.aspx?q=135&l=EN,Renaissance,2026-09-28,Source checked,A Ring of Endless Light,,,,EN,Previously sourced,Present in supplied CSV,,1981 — Newbery — Honor,
a-gathering-of-days--joan-w-blos,Newbery,Medal,1980,A Gathering of Days,Joan W. Blos,3.0,,,,,,,"Presented as a young girl's journal, this historical novel portrays family loss, moral choices, and daily life in nineteenth-century New England.",Original editorial summary,,,"Original supplied score; believed Goodreads, unverified",Award,,,,,Not yet verified,,,No matching English quiz confirmed in the evidence reviewed. Blank does not mean zero points or that no quiz exists.,,,Searched; not yet verified,Original editorial summary; not independently source-checked,,1980 — Newbery — Medal,
the-road-from-home--david-kherdian,Newbery,Honor,1980,The Road from Home,David Kherdian,3.5,,,,,,,A biographical narrative recounts the author's mother's childhood and survival during the Armenian genocide and her search for a new home.,Original editorial summary,,,"Original supplied score; believed Goodreads, unverified",Award,,,,,Not yet verified,,,No matching English quiz confirmed in the evidence reviewed. Blank does not mean zero points or that no quiz exists.,,,Searched; not yet verified,Original editorial summary; not independently source-checked,,1980 — Newbery — Honor,
the-westing-game--ellen-raskin,Newbery,Medal,1979,The Westing Game,Ellen Raskin,5.0,,,5.3,8.0,MG,,An eccentric millionaire's will turns an unlikely group of heirs into competing detectives in a puzzle about identity and inheritance.,Original summary,,,"Original supplied score; believed Goodreads, unverified",Award,144,https://www.arbookfind.com/bookdetail.aspx?q=144&l=EN,Renaissance,2026-09-28,Source checked,The Westing Game,,,,EN,Previously sourced,Present in supplied CSV,,1979 — Newbery — Medal,
the-great-gilly-hopkins--katherine-paterson,Newbery,Honor,1979,The Great Gilly Hopkins,Katherine Paterson,4.0,,,4.6,5.0,MG,,An eleven-year-old foster child tries to cope with her longings and fears as she schemes against everyone who tries to…,Source excerpt,https://www.arbookfind.com/bookdetail.aspx?q=116&l=EN,,"Original supplied score; believed Goodreads, unverified",Award,116,https://www.arbookfind.com/bookdetail.aspx?q=116&l=EN,Renaissance,2026-09-28,Source checked,The Great Gilly Hopkins,,,,EN,Previously sourced,Present in supplied CSV,,1979 — Newbery — Honor,
bridge-to-terabithia--katherine-paterson,Newbery,Medal,1978,Bridge to Terabithia,Katherine Paterson,5.0,,,4.6,5.0,MG,,"The life of a ten-year-old boy in rural Virginia expands when he becomes friends with a newcomer, who subsequently meets…",Source excerpt,https://www.arbookfind.com/bookdetail.aspx?q=11&l=EN,,"Original supplied score; believed Goodreads, unverified",Award,11,https://www.arbookfind.com/bookdetail.aspx?q=11&l=EN,Renaissance,2026-09-28,Source checked,Bridge to Terabithia,,,,EN,Previously sourced,Present in supplied CSV,,1978 — Newbery — Medal,
ramona-and-her-father--beverly-cleary,Newbery,Honor,1978,Ramona and Her Father,Beverly Cleary,4.5,,,5.2,3.0,MG,,"When her father loses his job, Ramona confronts family worry with determination, misunderstandings and irrepressible affection.",Original summary,,,"Original supplied score; believed Goodreads, unverified",Award,72,https://www.arbookfind.com/bookdetail.aspx?q=72&l=EN,Renaissance,2026-09-28,Source checked,Ramona and Her Father,,,,EN,Previously sourced,Present in supplied CSV,,1978 — Newbery — Honor; 1980 — Beehive — Children's Fiction,
anpao--jamake-highwater,Newbery,Honor,1978,Anpao,Jamake Highwater,2.5,,,5.7,9,UG,,A fantasy adventure follows Anpao through a landscape shaped by traditional stories as he undertakes a quest to win the woman he loves.,Original editorial summary,,,"Original supplied score; believed Goodreads, unverified",Award,53680,https://bookroo.com/books/anpao-jamake-highwater,Bookroo,2026-10-06,Source checked,,,Secondary-source AR metadata; check the quiz and edition before assigning school credit.,Anpao,EN,Matched saved source evidence,Original editorial summary; not independently source-checked,,1978 — Newbery — Honor,
roll-of-thunder-hear-my-cry--mildred-d-taylor,Newbery,Medal,1977,"Roll of Thunder, Hear My Cry",Mildred D. Taylor,5.0,,,5.7,10.0,MG,,"Warmth, humor and hard times prevail as a black family struggles to maintain dignity and independence in Depression-era Mississippi.Text contains…",Source excerpt,https://www.arbookfind.com/bookdetail.aspx?q=136&l=EN,,"Original supplied score; believed Goodreads, unverified",Award,136,https://www.arbookfind.com/bookdetail.aspx?q=136&l=EN,Renaissance,2026-09-28,Source checked,"Roll of Thunder, Hear My Cry",,,,EN,Previously sourced,Present in supplied CSV,,1977 — Newbery — Medal,
abel-s-island--william-steig,Newbery,Honor,1977,Abel's Island,William Steig,4.0,,,5.9,3.0,MG,,"Stranded on a deserted island, a lovable young mouse discovers inner resources he did not know he possessed.",Source excerpt,https://www.arbookfind.com/bookdetail.aspx?q=101&l=EN,,"Original supplied score; believed Goodreads, unverified",Award,101,https://www.arbookfind.com/bookdetail.aspx?q=101&l=EN,Renaissance,2026-09-28,Source checked,Abel's Island,,,,EN,Previously sourced,Present in supplied CSV,,1977 — Newbery — Honor,
a-string-in-the-harp--nancy-bond,Newbery,Honor,1977,A String in the Harp,Nancy Bond,3.5,,,5.2,17,,,American children spending a year in Wales discover an ancient harp key that brings them into contact with the past and changes their grieving family.,Original editorial summary,,,"Original supplied score; believed Goodreads, unverified",Award,140,https://school.teachingbooks.net/tb.cgi?tid=11391,TeachingBooks,2026-10-06,Source checked,,,,A String in the Harp,EN,Matched saved source evidence,Original editorial summary; not independently source-checked,,1977 — Newbery — Honor,
the-grey-king--susan-cooper,Newbery,Medal,1976,The Grey King,Susan Cooper,4.0,,,6.2,9,MG,,"Will Stanton travels to Wales, where an enigmatic boy and an ancient quest draw him into another confrontation between the Light and the Dark.",Original editorial summary,,,"Original supplied score; believed Goodreads, unverified",Award,33,https://bookroo.com/books/the-grey-king,Bookroo,2026-10-06,Source checked,,,Secondary-source AR metadata; check the quiz and edition before assigning school credit.,The Grey King,EN,Matched saved source evidence,Original editorial summary; not independently source-checked,,1976 — Newbery — Medal,
the-hundred-penny-box--sharon-bell-mathis,Newbery,Honor,1976,The Hundred Penny Box,Sharon Bell Mathis,3.5,,,3.9,1,,,26 Total Resources 2 Awards Book Resume View Text Complexity Discover Like Books,Source excerpt,https://school.teachingbooks.net/tb.cgi?tid=3272,,"Original supplied score; believed Goodreads, unverified",Award,320,https://school.teachingbooks.net/tb.cgi?tid=3272,TeachingBooks,2026-09-28,Source checked,The Hundred Penny Box,,,,EN,Previously sourced,Present in supplied CSV,,1976 — Newbery — Honor,
dragonwings--laurence-yep,Newbery,Honor,1976,Dragonwings,Laurence Yep,4.0,,,5.3,10.0,MG+,,"This beautiful story is of Moon Shadow and his father Windrider, a Chinese immigrant who makes a flying machine in…",Source excerpt,https://www.arbookfind.com/bookdetail.aspx?q=111&l=EN,,"Original supplied score; believed Goodreads, unverified",Award,111,https://www.arbookfind.com/bookdetail.aspx?q=111&l=EN,Renaissance,2026-09-28,Source checked,Dragonwings,,,,EN,Previously sourced,Present in supplied CSV,,1976 — Newbery — Honor,
m-c-higgins-the-great--virginia-hamilton,Newbery,Medal,1975,"M.C. Higgins, the Great",Virginia Hamilton,3.0,,,4.4,10,MG,,"As a slag heap, the result of strip mining, creeps closer to his house in the Ohio hills, fifteen-year-old M.C.…",Source excerpt,https://metro-prod.groveforlibraries.com/Record/CARL0000160356,,"Original supplied score; believed Goodreads, unverified",Award,,https://metro-prod.groveforlibraries.com/Record/CARL0000160356,Library catalog,2026-09-28,Source checked,"M.C. Higgins, the great",,,,EN,Previously sourced,Present in supplied CSV,,1975 — Newbery — Medal,
figgs-phantoms--ellen-raskin,Newbery,Honor,1975,Figgs & Phantoms,Ellen Raskin,3.0,,,5.2,4.0,MG,,This story chronicles the adventures of the unusual Figg family after they left show business and settled in the town…,Source excerpt,https://www.arbookfind.com/bookdetail.aspx?q=74068&l=EN,,"Original supplied score; believed Goodreads, unverified",Award,74068,https://www.arbookfind.com/bookdetail.aspx?q=74068&l=EN,Renaissance,2026-09-28,Source checked,Figgs & Phantoms,,,,EN,Previously sourced,Present in supplied CSV,,1975 — Newbery — Honor,
my-brother-sam-is-dead--james-lincoln-collier-and-christopher-co,Newbery,Honor,1975,My Brother Sam Is Dead,James Lincoln Collier and Christopher Collier,4.0,,,4.9,7.0,MG,,"In this novel of the American Revolution, a young man is torn between his brother's patriotism and his father's Tory…",Source excerpt,https://www.arbookfind.com/bookdetail.aspx?q=127&l=EN,,"Original supplied score; believed Goodreads, unverified",Award,127,https://www.arbookfind.com/bookdetail.aspx?q=127&l=EN,Renaissance,2026-09-28,Source checked,My Brother Sam Is Dead,,,,EN,Previously sourced,Present in supplied CSV,,1975 — Newbery — Honor,
the-perilous-gard--elizabeth-marie-pope,Newbery,Honor,1975,The Perilous Gard,Elizabeth Marie Pope,4.0,,,,,,,"Sent to a remote household in Tudor England, a young woman becomes involved in a disappearance and a dangerous bargain with a secretive underground people.",Original editorial summary,,,"Original supplied score; believed Goodreads, unverified",Award,,,,,Not yet verified,,,No matching English quiz confirmed in the evidence reviewed. Blank does not mean zero points or that no quiz exists.,,,Searched; not yet verified,Original editorial summary; not independently source-checked,,1975 — Newbery — Honor,
philip-hall-likes-me-i-reckon-maybe--bette-greene,Newbery,Honor,1975,"Philip Hall Likes Me, I Reckon Maybe",Bette Greene,3.5,,,5.0,4.0,MG,,"Eleven-year-old Beth thinks that Philip Hall likes her, but their on-again, off-again relationship sometimes makes her wonder. Book #1",Source excerpt,https://www.arbookfind.com/bookdetail.aspx?q=131&l=EN,,"Original supplied score; believed Goodreads, unverified",Award,131,https://www.arbookfind.com/bookdetail.aspx?q=131&l=EN,Renaissance,2026-09-28,Source checked,Philip Hall Likes Me. I Reckon Maybe.,,,,EN,Previously sourced,Present in supplied CSV,,1975 — Newbery — Honor,
the-slave-dancer--paula-fox,Newbery,Medal,1974,The Slave Dancer,Paula Fox,3.0,,,6.0,6.0,MG,,"In this spellbinding novel of suspense and survival, young Jessie, a musician, is hired to play for the slaves aboard…",Source excerpt,https://www.arbookfind.com/bookdetail.aspx?q=82&l=EN,,"Original supplied score; believed Goodreads, unverified",Award,82,https://www.arbookfind.com/bookdetail.aspx?q=82&l=EN,Renaissance,2026-09-28,Source checked,The Slave Dancer,,,,EN,Previously sourced,Present in supplied CSV,,1974 — Newbery — Medal,
the-dark-is-rising--susan-cooper,Newbery,Honor,1974,The Dark Is Rising,Susan Cooper,4.5,,,6.2,13,,,"On his eleventh birthday, Will Stanton discovers that he belongs to an ancient order and must gather powerful signs before the Dark prevails.",Original editorial summary,,,"Original supplied score; believed Goodreads, unverified",Award,109,https://school.teachingbooks.net/tb.cgi?tid=1693,TeachingBooks,2026-10-06,Source checked,,,,The Dark Is Rising,EN,Matched saved source evidence,Original editorial summary; not independently source-checked,,1974 — Newbery — Honor,
julie-of-the-wolves--jean-craighead-george,Newbery,Medal,1973,Julie of the Wolves,Jean Craighead George,3.5,,,5.8,6.0,MG,,Common sense and courage enable a young Eskimo girl to survive when she becomes lost in the Arctic wild. The…,Source excerpt,https://www.arbookfind.com/bookdetail.aspx?q=49&l=EN,,"Original supplied score; believed Goodreads, unverified",Award,49,https://www.arbookfind.com/bookdetail.aspx?q=49&l=EN,Renaissance,2026-09-28,Source checked,Julie of the Wolves,,,,EN,Previously sourced,Present in supplied CSV,,1973 — Newbery — Medal,
frog-and-toad-together--arnold-lobel,Newbery,Honor,1973,Frog and Toad Together,Arnold Lobel,5.0,,,2.9,0.5,LG,,"This book features five further adventures of two best friends, Frog and Toad, as they share cookies, plant a garden,…",Source excerpt,https://www.arbookfind.com/bookdetail.aspx?q=5467&l=EN,,"Original supplied score; believed Goodreads, unverified",Award,5467,https://www.arbookfind.com/bookdetail.aspx?q=5467&l=EN,Renaissance,2026-09-28,Source checked,Frog and Toad Together,,,,EN,Previously sourced,Present in supplied CSV,,1973 — Newbery — Honor,
the-upstairs-room--johanna-reiss,Newbery,Honor,1973,The Upstairs Room,Johanna Reiss,4.0,,,2.9,6,,,A Jewish girl and her sister hide with a Dutch farming family during the Nazi occupation in this account based on the author's childhood.,Original editorial summary,,,"Original supplied score; believed Goodreads, unverified",Award,143,https://school.teachingbooks.net/tb.cgi/tb.cgi?tid=11394,TeachingBooks,2026-10-06,Source checked,,,,The Upstairs Room,EN,Matched saved source evidence,Original editorial summary; not independently source-checked,,1973 — Newbery — Honor,
the-witches-of-worm--zilpha-keatley-snyder,Newbery,Honor,1973,The Witches of Worm,Zilpha Keatley Snyder,3.0,,,5.7,6,,,"A lonely girl becomes convinced that her rescued cat is possessed, while her fears and strained relationships threaten to overwhelm her.",Original editorial summary,,,"Original supplied score; believed Goodreads, unverified",Award,149,https://school.teachingbooks.net/tb.cgi?tid=11395,TeachingBooks,2026-10-06,Source checked,,,,The Witches of Worm,EN,Matched saved source evidence,Original editorial summary; not independently source-checked,,1973 — Newbery — Honor,
mrs-frisby-and-the-rats-of-nimh--robert-c-o-brien,Newbery,Medal,1972,Mrs. Frisby and the Rats of NIMH,Robert C. O'Brien,4.5,,,5.1,8.0,MG,,"When Timothy, youngest of a family of field mice, becomes ill, his mother, Mrs. Frisby, enlists the aid of the…",Source excerpt,https://www.arbookfind.com/bookdetail.aspx?q=62&l=EN,,"Original supplied score; believed Goodreads, unverified",Award,62,https://www.arbookfind.com/bookdetail.aspx?q=62&l=EN,Renaissance,2026-09-28,Source checked,Mrs. Frisby and the Rats of NIMH/The Secret of NIMH,,,,EN,Previously sourced,Present in supplied CSV,,1972 — Newbery — Medal,
incident-at-hawk-s-hill--allan-w-eckert,Newbery,Honor,1972,Incident at Hawk's Hill,Allan W. Eckert,3.5,,,7.2,9,,,A young boy lost on the Canadian prairie survives through an extraordinary connection with a badger in a story of isolation and acceptance.,Original editorial summary,,,"Original supplied score; believed Goodreads, unverified",Award,119,https://school.teachingbooks.net/tb.cgi?tid=11397,TeachingBooks,2026-10-06,Source checked,,,,Incident at Hawk's Hill,EN,Matched saved source evidence,Original editorial summary; not independently source-checked,,1972 — Newbery — Honor,
the-planet-of-junior-brown--virginia-hamilton,Newbery,Honor,1972,The Planet of Junior Brown,Virginia Hamilton,3.0,,,5.1,7.0,MG,,"This book is a story of friendship between a troubled teenage pianist, a street-wise classmate, and a janitor who constructs…",Source excerpt,https://www.arbookfind.com/bookdetail.aspx?q=132&l=EN,,"Original supplied score; believed Goodreads, unverified",Award,132,https://www.arbookfind.com/bookdetail.aspx?q=132&l=EN,Renaissance,2026-09-28,Source checked,The Planet of Junior Brown,,,,EN,Previously sourced,Present in supplied CSV,,1972 — Newbery — Honor,
the-tombs-of-atuan--ursula-k-le-guin,Newbery,Honor,1972,The Tombs of Atuan,Ursula K. Le Guin,4.5,,,5.9,7.0,UG,,A young priestess raised to serve ancient powers encounters a stranger who challenges the boundaries of her world.,Original summary,,,"Original supplied score; believed Goodreads, unverified",Award,246,https://www.arbookfind.com/bookdetail.aspx?q=246&l=EN,Renaissance,2026-09-28,Source checked,The Tombs of Atuan,,,,EN,Previously sourced,Present in supplied CSV,,1972 — Newbery — Honor,
annie-and-the-old-one--miska-miles,Newbery,Honor,1972,Annie and the Old One,Miska Miles,3.5,,,4.4,0.5,,,A Navajo girl struggles to accept her grandmother's approaching death and tries to postpone it by delaying the completion of a woven rug.,Original editorial summary,,,"Original supplied score; believed Goodreads, unverified",Award,652,https://school.teachingbooks.net/tb.cgi?tid=368,TeachingBooks,2026-10-06,Source checked,,,,Annie and the Old One,EN,Matched saved source evidence,Original editorial summary; not independently source-checked,,1972 — Newbery — Honor,
the-headless-cupid--zilpha-keatley-snyder,Newbery,Honor,1972,The Headless Cupid,Zilpha Keatley Snyder,3.5,,,5.3,8.0,MG,,"Life is never quite the same again for eleven-year-old David after the arrival of his new stepsister, a student of…",Source excerpt,https://www.arbookfind.com/bookdetail.aspx?q=117&l=EN,,"Original supplied score; believed Goodreads, unverified",Award,117,https://www.arbookfind.com/bookdetail.aspx?q=117&l=EN,Renaissance,2026-09-28,Source checked,The Headless Cupid,,,,EN,Previously sourced,Present in supplied CSV,,1972 — Newbery — Honor,
summer-of-the-swans--betsy-byars,Newbery,Medal,1971,Summer of the Swans,Betsy Byars,3.5,,,4.9,4.0,MG,,A teenager preoccupied with her own unhappiness gains a new perspective when her younger brother goes missing and she joins the search.,Original editorial summary,,,"Original supplied score; believed Goodreads, unverified",Award,87,https://www.arbookfind.com/bookdetail.aspx?client=SuccessfulReader&l=EN&q=87,Renaissance,2026-10-06,Source checked,Matched title variant: The Summer of the Swans,,,The Summer of the Swans,EN,Matched saved source evidence,Original editorial summary; not independently source-checked,,1971 — Newbery — Medal,
kneeknock-rise--natalie-babbitt,Newbery,Honor,1971,Kneeknock Rise,Natalie Babbitt,3.5,,,4.4,2.0,MG,,"Egan hopes to become a hero by slaying the Megrimum, a mysterious creature that lives on Kneeknock Rise near his…",Source excerpt,https://www.arbookfind.com/bookdetail.aspx?q=236&l=EN,,"Original supplied score; believed Goodreads, unverified",Award,236,https://www.arbookfind.com/bookdetail.aspx?q=236&l=EN,Renaissance,2026-09-28,Source checked,Kneeknock Rise,,,,EN,Previously sourced,Present in supplied CSV,,1971 — Newbery — Honor,
enchantress-from-the-stars--sylvia-louise-engdahl,Newbery,Honor,1971,Enchantress from the Stars,Sylvia Louise Engdahl,4.0,,,7.3,15,,,A young observer from an advanced civilization becomes involved in a conflict between spacefaring colonizers and a less technologically developed world.,Original editorial summary,,,"Original supplied score; believed Goodreads, unverified",Award,48138,https://school.teachingbooks.net/tb.cgi?tid=9158,TeachingBooks,2026-10-06,Source checked,,,,Enchantress from the Stars,EN,Matched saved source evidence,Original editorial summary; not independently source-checked,,1971 — Newbery — Honor,
sing-down-the-moon--scott-o-dell,Newbery,Honor,1971,Sing Down the Moon,Scott O'Dell,3.5,,,4.9,4.0,MG,,"The forced migration of Navahos from their homeland, is described from the Native American point of view.",Source excerpt,https://www.arbookfind.com/bookdetail.aspx?q=244&l=EN,,"Original supplied score; believed Goodreads, unverified",Award,244,https://www.arbookfind.com/bookdetail.aspx?q=244&l=EN,Renaissance,2026-09-28,Source checked,Sing down the Moon,,,,EN,Previously sourced,Present in supplied CSV,,1971 — Newbery — Honor,
sounder--william-h-armstrong,Newbery,Medal,1970,Sounder,William H. Armstrong,3.0,,,5.3,3,,,"A Black boy in the rural South faces poverty and injustice after his father's arrest, with the family's loyal hunting dog at the story's center.",Original editorial summary,,,"Original supplied score; believed Goodreads, unverified",Award,84,https://school.teachingbooks.net/tb.cgi?tid=6333,TeachingBooks,2026-10-06,Source checked,,,,Sounder,EN,Matched saved source evidence,Original editorial summary; not independently source-checked,,1970 — Newbery — Medal,
our-eddie--sulamith-ish-kishor,Newbery,Honor,1970,Our Eddie,Sulamith Ish-Kishor,2.5,,,,,,,A Jewish teenager struggles under an overbearing father's expectations as his family moves from London to New York and his hopes begin to unravel.,Original editorial summary,https://en.wikipedia.org/wiki/Our_Eddie,,"Original supplied score; believed Goodreads, unverified",Award,,,,,Not yet verified,,,No matching English quiz confirmed in the evidence reviewed. Blank does not mean zero points or that no quiz exists.,,,Searched; not yet verified,Summary checked against cited source,,1970 — Newbery — Honor,
the-many-ways-of-seeing--janet-gaylord-moore,Newbery,Honor,1970,The Many Ways of Seeing,Janet Gaylord Moore,2.5,,,,,,,"An introduction to visual art encourages readers to look closely and consider how artists use form, color, and different ways of seeing.",Original editorial summary,,,"Original supplied score; believed Goodreads, unverified",Award,,,,,Not yet verified,,,No matching English quiz confirmed in the evidence reviewed. Blank does not mean zero points or that no quiz exists.,,,Searched; not yet verified,Original editorial summary; not independently source-checked,,1970 — Newbery — Honor,
journey-outside--mary-q-steele,Newbery,Honor,1970,Journey Outside,Mary Q. Steele,3.0,,,5.7,5,MG,,A boy leaves his community's underground river journey and discovers an outside world that challenges everything he has been taught.,Original editorial summary,,,"Original supplied score; believed Goodreads, unverified",Award,234,https://bookroo.com/books/journey-outside,Bookroo,2026-10-06,Source checked,,,Secondary-source AR metadata; check the quiz and edition before assigning school credit.,Journey Outside,EN,Matched saved source evidence,Original editorial summary; not independently source-checked,,1970 — Newbery — Honor,
the-high-king--lloyd-alexander,Newbery,Medal,1969,The High King,Lloyd Alexander,4.5,,,6.1,11.0,MG,,"When the sword of Dyrnwyn falls into the hands of Arawn Death-Lord, Taran and his friends raise an army to…",Source excerpt,https://www.arbookfind.com/bookdetail.aspx?q=37&l=EN,,"Original supplied score; believed Goodreads, unverified",Award,37,https://www.arbookfind.com/bookdetail.aspx?q=37&l=EN,Renaissance,2026-09-28,Source checked,The High King,,,,EN,Previously sourced,Present in supplied CSV,,1969 — Newbery — Medal,
to-be-a-slave--julius-lester,Newbery,Honor,1969,To Be a Slave,Julius Lester,4.0,,,6.9,5,UG,,"Accounts drawn from formerly enslaved people's testimony describe enslavement, resistance, and emancipation in the United States.",Original editorial summary,,,"Original supplied score; believed Goodreads, unverified",Award,7123,https://catalog.faylib.org/Record/36865,Library catalog,2026-10-06,Source checked,Original English nonfiction,,Secondary-source AR metadata; confirm the matching quiz and edition with your school before assigning credit.,To Be a Slave,EN,Matched source evidence,Original editorial summary; not independently source-checked,,1969 — Newbery — Honor,
when-shlemiel-went-to-warsaw--isaac-bashevis-singer,Newbery,Honor,1969,When Shlemiel Went to Warsaw,Isaac Bashevis Singer,4.0,,,,,,,"A collection of humorous and fantastic tales draws on Jewish folklore, including the misadventures of the famously foolish residents of Chelm.",Original editorial summary,,,"Original supplied score; believed Goodreads, unverified",Award,,,,,Not yet verified,,,No matching English quiz confirmed in the evidence reviewed. Blank does not mean zero points or that no quiz exists.,,,Searched; not yet verified,Original editorial summary; not independently source-checked,,1969 — Newbery — Honor,
from-the-mixed-up-files-of-mrs-basil-e-frankweiler--e-l-konigsburg,Newbery,Medal,1968,From the Mixed-Up Files of Mrs. Basil E. Frankweiler,E.L. Konigsburg,5.0,,,4.7,5.0,MG,,Claudia and her brother Jamie run away from home and take up residence in the Metropolitan Museum of Art.,Source excerpt,https://www.arbookfind.com/bookdetail.aspx?q=29&l=EN,,"Original supplied score; believed Goodreads, unverified",Award,29,https://www.arbookfind.com/bookdetail.aspx?q=29&l=EN,Renaissance,2026-09-28,Source checked,From the Mixed-Up Files of Mrs. Basil E. Frankweiler,,,,EN,Previously sourced,Present in supplied CSV,,1968 — Newbery — Medal,
jennifer-hecate-macbeth-william-mckinley-and-me-elizabeth--e-l-konigsburg,Newbery,Honor,1968,"Jennifer, Hecate, Macbeth, William McKinley, and Me, Elizabeth",E.L. Konigsburg,3.5,,,4.5,3.0,MG,,"Lonely Elizabeth decides to be an apprentice witch to Jennifer, and that's when the fun starts.",Source excerpt,https://www.arbookfind.com/bookdetail.aspx?q=176&l=EN,,"Original supplied score; believed Goodreads, unverified",Award,176,https://www.arbookfind.com/bookdetail.aspx?q=176&l=EN,Renaissance,2026-09-28,Source checked,"Jennifer, Hecate, Macbeth, William McKinley and Me, Elizabeth",,,,EN,Previously sourced,Present in supplied CSV,,1968 — Newbery — Honor,
the-black-pearl--scott-o-dell,Newbery,Honor,1968,The Black Pearl,Scott O'Dell,3.5,,,5.4,4.0,MG,,"In claiming as his own the magnificent black pearl he finds, a sixteen-year-old youth enrages the sea devil that legend…",Source excerpt,https://www.arbookfind.com/bookdetail.aspx?q=104&l=EN,,"Original supplied score; believed Goodreads, unverified",Award,104,https://www.arbookfind.com/bookdetail.aspx?q=104&l=EN,Renaissance,2026-09-28,Source checked,The Black Pearl,,,,EN,Previously sourced,Present in supplied CSV,,1968 — Newbery — Honor,
the-fearsome-inn--isaac-bashevis-singer,Newbery,Honor,1968,The Fearsome Inn,Isaac Bashevis Singer,3.5,,,5.9,1,,,"Two young people encounter a sinister inn and its supernatural owners in a folktale about danger, wit, and escaping evil.",Original editorial summary,,,"Original supplied score; believed Goodreads, unverified",Award,19013,https://school.teachingbooks.net/tb.cgi?tid=11405,TeachingBooks,2026-10-06,Source checked,,,,The Fearsome Inn,EN,Matched saved source evidence,Original editorial summary; not independently source-checked,,1968 — Newbery — Honor,
the-egypt-game--zilpha-keatley-snyder,Newbery,Honor,1968,The Egypt Game,Zilpha Keatley Snyder,4.0,,,6.4,7.0,MG,,"It is only a game for six children, until an oracle tells the truth and a murderer appears.",Source excerpt,https://www.arbookfind.com/bookdetail.aspx?q=217&l=EN,,"Original supplied score; believed Goodreads, unverified",Award,217,https://www.arbookfind.com/bookdetail.aspx?q=217&l=EN,Renaissance,2026-09-28,Source checked,The Egypt Game,,,,EN,Previously sourced,Present in supplied CSV,,1968 — Newbery — Honor,
up-a-road-slowly--irene-hunt,Newbery,Medal,1967,Up a Road Slowly,Irene Hunt,2.5,,,6.6,8.0,MG,,Julie lives with Aunt Cordelia and forms an attachment with both her aunt and her new home.,Source excerpt,https://www.arbookfind.com/bookdetail.aspx?q=249&l=EN,,"Original supplied score; believed Goodreads, unverified",Award,249,https://www.arbookfind.com/bookdetail.aspx?q=249&l=EN,Renaissance,2026-09-28,Source checked,Up a Road Slowly,,,,EN,Previously sourced,Present in supplied CSV,,1967 — Newbery — Medal,
the-king-s-fifth--scott-o-dell,Newbery,Honor,1967,The King's Fifth,Scott O'Dell,3.0,,,5.5,10,UG,,"Imprisoned after a disastrous expedition, a young mapmaker recalls a Spanish search for gold and the greed that drove it.",Original editorial summary,,,"Original supplied score; believed Goodreads, unverified",Award,,https://library.wasatchcounty.gov/OverDrive/cb1795c3-1e87-48cd-82bf-bb52fa3572a6/Home,Library catalog,2026-09-28,Source checked,The King's Fifth,,,,EN,Previously sourced,Original editorial summary; not independently source-checked,,1967 — Newbery — Honor,
zlateh-the-goat--isaac-bashevis-singer,Newbery,Honor,1967,Zlateh the Goat,Isaac Bashevis Singer,4.0,,,5.2,2.0,MG,,Seven tales from middle European folklore told by the Nobel Laureate and illustrated by Maurice Sendak.,Source excerpt,https://www.arbookfind.com/bookdetail.aspx?q=20312&l=EN,,"Original supplied score; believed Goodreads, unverified",Award,20312,https://www.arbookfind.com/bookdetail.aspx?q=20312&l=EN,Renaissance,2026-09-28,Source checked,Zlateh the Goat and Other Stories,,,,EN,Previously sourced,Present in supplied CSV,,1967 — Newbery — Honor,
the-jazz-man--mary-hays-weik,Newbery,Honor,1967,The Jazz Man,Mary Hays Weik,3.0,,,4.6,1,,,A lonely boy finds comfort in a neighboring jazz musician's playing while facing uncertainty and distress in his family life.,Original editorial summary,,,"Original supplied score; believed Goodreads, unverified",Award,14820,https://library.teachingbooks.net/tb.cgi?tid=11406,TeachingBooks,2026-10-06,Source checked,,,,The Jazz Man,EN,Matched saved source evidence,Original editorial summary; not independently source-checked,,1967 — Newbery — Honor,
i-juan-de-pareja--elizabeth-borton-de-trevino,Newbery,Medal,1966,"I, Juan de Pareja",Elizabeth Borton de Treviño,3.0,,,6.5,7,,,The enslaved assistant of painter Diego Velázquez secretly develops his own artistic ability while seeking dignity and freedom in seventeenth-century Spain.,Original editorial summary,,,"Original supplied score; believed Goodreads, unverified",Award,44,https://school.teachingbooks.net/tb.cgi?tid=3365,TeachingBooks,2026-10-06,Source checked,,,,"I, Juan de Pareja",EN,Matched saved source evidence,Original editorial summary; not independently source-checked,,1966 — Newbery — Medal,
the-black-cauldron--lloyd-alexander,Newbery,Honor,1966,The Black Cauldron,Lloyd Alexander,4.0,,,5.2,7.0,MG,,"In Prydain, a young Assistant Pig-Keeper achieves honor in a quest to destroy the evil Black Cauldron.",Source excerpt,https://www.arbookfind.com/bookdetail.aspx?q=210&l=EN,,"Original supplied score; believed Goodreads, unverified",Award,210,https://www.arbookfind.com/bookdetail.aspx?q=210&l=EN,Renaissance,2026-09-28,Source checked,The Black Cauldron,,,,EN,Previously sourced,Present in supplied CSV,,1966 — Newbery — Honor,
the-animal-family--randall-jarrell,Newbery,Honor,1966,The Animal Family,Randall Jarrell,4.0,,,,,,,"A hunter, a mermaid, and several animals gradually form an unconventional household in a lyrical story about companionship and belonging.",Original editorial summary,,,"Original supplied score; believed Goodreads, unverified",Award,,,,,Not yet verified,,,No matching English quiz confirmed in the evidence reviewed. Blank does not mean zero points or that no quiz exists.,,,Searched; not yet verified,Original editorial summary; not independently source-checked,,1966 — Newbery — Honor,
the-noonday-friends--mary-stolz,Newbery,Honor,1966,The Noonday Friends,Mary Stolz,3.0,,,,,,,A girl from a struggling family tries to sustain friendships and ordinary childhood pleasures despite money worries and household responsibilities.,Original editorial summary,,,"Original supplied score; believed Goodreads, unverified",Award,,,,,Not yet verified,,,No matching English quiz confirmed in the evidence reviewed. Blank does not mean zero points or that no quiz exists.,,,Searched; not yet verified,Original editorial summary; not independently source-checked,,1966 — Newbery — Honor,
shadow-of-a-bull--maia-wojciechowska,Newbery,Medal,1965,Shadow of a Bull,Maia Wojciechowska,3.0,,,5.2,5,,,The son of a celebrated bullfighter struggles with the expectation that he will follow his father's dangerous profession despite his own fear.,Original editorial summary,,,"Original supplied score; believed Goodreads, unverified",Award,80,https://school.teachingbooks.net/tb.cgi?tid=8602,TeachingBooks,2026-10-06,Source checked,,,,Shadow of a Bull,EN,Matched saved source evidence,Original editorial summary; not independently source-checked,,1965 — Newbery — Medal,
across-five-aprils--irene-hunt,Newbery,Honor,1965,Across Five Aprils,Irene Hunt,3.5,,,6.6,10.0,MG,,Young Jethro Creighton grows from a boy to a man when he is left to take care of the family…,Source excerpt,https://www.arbookfind.com/bookdetail.aspx?q=102&l=EN,,"Original supplied score; believed Goodreads, unverified",Award,102,https://www.arbookfind.com/bookdetail.aspx?q=102&l=EN,Renaissance,2026-09-28,Source checked,Across Five Aprils,,,,EN,Previously sourced,Present in supplied CSV,,1965 — Newbery — Honor,
it-s-like-this-cat--emily-neville,Newbery,Medal,1964,"It's Like This, Cat",Emily Neville,2.5,,,4.7,5.0,MG,,"A teenage boy in New York City gets a cat instead of a dog simply to annoy his father, then…",Source excerpt,https://www.arbookfind.com/bookdetail.aspx?q=46&l=EN,,"Original supplied score; believed Goodreads, unverified",Award,46,https://www.arbookfind.com/bookdetail.aspx?q=46&l=EN,Renaissance,2026-09-28,Source checked,"It's Like This, Cat",,,,EN,Previously sourced,Present in supplied CSV,,1964 — Newbery — Medal,
rascal--sterling-north,Newbery,Honor,1964,Rascal,Sterling North,4.0,,,7.1,7.0,MG,,"The author recalls his adventures with his pet raccoon, Rascal, during his carefree childhood in a small Midwestern town at…",Source excerpt,https://www.arbookfind.com/bookdetail.aspx?q=73&l=EN,,"Original supplied score; believed Goodreads, unverified",Award,73,https://www.arbookfind.com/bookdetail.aspx?q=73&l=EN,Renaissance,2026-09-28,Source checked,Rascal,,,,EN,Previously sourced,Present in supplied CSV,,1964 — Newbery — Honor,
the-loner--ester-wier,Newbery,Honor,1964,The Loner,Ester Wier,3.0,,,5.3,5,,,"A solitary, unnamed boy finds work among sheepherders and gradually discovers trust and a sense of belonging.",Original editorial summary,,,"Original supplied score; believed Goodreads, unverified",Award,8534,https://school.teachingbooks.net/tb.cgi?tid=11411,TeachingBooks,2026-10-06,Source checked,,,,The Loner,EN,Matched saved source evidence,Original editorial summary; not independently source-checked,,1964 — Newbery — Honor,
a-wrinkle-in-time--madeleine-l-engle,Newbery,Medal,1963,A Wrinkle in Time,Madeleine L'Engle,5.0,,,4.7,7.0,MG,,Meg Murry and her family receive a surprise visit from an unearthly stranger out of another dimension in time. Book…,Source excerpt,https://www.arbookfind.com/bookdetail.aspx?q=150&l=EN,,"Original supplied score; believed Goodreads, unverified",Award,150,https://www.arbookfind.com/bookdetail.aspx?q=150&l=EN,Renaissance,2026-09-28,Source checked,A Wrinkle in Time,,,,EN,Previously sourced,Present in supplied CSV,,1963 — Newbery — Medal,
thistle-and-thyme--sorche-nic-leodhas,Newbery,Honor,1963,Thistle and Thyme,Sorche Nic Leodhas,3.0,,,,,,,"Ten Scottish folktales bring together enchanted animals, magical bargains, stolen children, and other wonders from oral storytelling traditions.",Original editorial summary,,,"Original supplied score; believed Goodreads, unverified",Award,,,,,Not yet verified,,,No matching English quiz confirmed in the evidence reviewed. Blank does not mean zero points or that no quiz exists.,,,Searched; not yet verified,Original editorial summary; not independently source-checked,,1963 — Newbery — Honor,
men-of-athens--olivia-coolidge,Newbery,Honor,1963,Men of Athens,Olivia Coolidge,2.5,,,,,,,"Historical sketches introduce life and prominent figures in ancient Athens, connecting its politics, warfare, arts, and everyday society.",Original editorial summary,,,"Original supplied score; believed Goodreads, unverified",Award,,,,,Not yet verified,,,No matching English quiz confirmed in the evidence reviewed. Blank does not mean zero points or that no quiz exists.,,,Searched; not yet verified,Original editorial summary; not independently source-checked,,1963 — Newbery — Honor,
the-bronze-bow--elizabeth-george-speare,Newbery,Medal,1962,The Bronze Bow,Elizabeth George Speare,4.0,,,5.0,10.0,MG,,"Eighteen-year-old Daniel, an Israeli, is consumed by hatred of the Romans who killed his father, until he learns from listening…",Source excerpt,https://www.arbookfind.com/bookdetail.aspx?q=13&l=EN,,"Original supplied score; believed Goodreads, unverified",Award,13,https://www.arbookfind.com/bookdetail.aspx?q=13&l=EN,Renaissance,2026-09-28,Source checked,The Bronze Bow,,,,EN,Previously sourced,Present in supplied CSV,,1962 — Newbery — Medal,
frontier-living--edwin-tunis,Newbery,Honor,1962,Frontier Living,Edwin Tunis,3.0,,,,,,,"An illustrated account explores the tools, homes, work, and practical skills of people living on the American frontier.",Original editorial summary,,,"Original supplied score; believed Goodreads, unverified",Award,,,,,Not yet verified,,,No matching English quiz confirmed in the evidence reviewed. Blank does not mean zero points or that no quiz exists.,,,Searched; not yet verified,Original editorial summary; not independently source-checked,,1962 — Newbery — Honor,
the-golden-goblet--eloise-jarvis-mcgraw,Newbery,Honor,1962,The Golden Goblet,Eloise Jarvis McGraw,4.0,,,6.3,11,,,An orphaned apprentice in ancient Egypt suspects a crime involving stolen gold and risks his safety to expose it.,Original editorial summary,,,"Original supplied score; believed Goodreads, unverified",Award,20316,https://school.teachingbooks.net/tb.cgi?tid=2746,TeachingBooks,2026-10-06,Source checked,,,,The Golden Goblet,EN,Matched saved source evidence,Original editorial summary; not independently source-checked,,1962 — Newbery — Honor,
belling-the-tiger--mary-stolz,Newbery,Honor,1962,Belling the Tiger,Mary Stolz,3.0,,,,,,,Two mice undertake an unlikely adventure that expands the familiar problem of belling a cat into a much larger challenge.,Original editorial summary,,,"Original supplied score; believed Goodreads, unverified",Award,,,,,Not yet verified,,,No matching English quiz confirmed in the evidence reviewed. Blank does not mean zero points or that no quiz exists.,,,Searched; not yet verified,Original editorial summary; not independently source-checked,,1962 — Newbery — Honor,
island-of-the-blue-dolphins--scott-o-dell,Newbery,Medal,1961,Island of the Blue Dolphins,Scott O'Dell,4.0,,,5.4,6.0,MG,,"Left alone on an isolated island off the coast of California, a Ghalas-at girl spends eighteen years, not merely surviving…",Source excerpt,https://www.arbookfind.com/bookdetail.aspx?q=45&l=EN,,"Original supplied score; believed Goodreads, unverified",Award,45,https://www.arbookfind.com/bookdetail.aspx?q=45&l=EN,Renaissance,2026-09-28,Source checked,Island of the Blue Dolphins,,,,EN,Previously sourced,Present in supplied CSV,,1961 — Newbery — Medal,
america-moves-forward--gerald-w-johnson,Newbery,Honor,1961,America Moves Forward,Gerald W. Johnson,2.0,,,,,,,"The third volume of A History for Peter introduces twentieth-century American history, beginning with the country's entry into World War I.",Original editorial summary,,,"Original supplied score; believed Goodreads, unverified",Award,,,,,Not yet verified,,,No matching English quiz confirmed in the evidence reviewed. Blank does not mean zero points or that no quiz exists.,,,Searched; not yet verified,Original editorial summary; not independently source-checked,,1961 — Newbery — Honor,
old-ramon--jack-schaefer,Newbery,Honor,1961,Old Ramon,Jack Schaefer,3.0,,,,,,,"A boy accompanies an experienced shepherd into the wilderness and learns about animals, responsibility, and courage through their shared work.",Original editorial summary,,,"Original supplied score; believed Goodreads, unverified",Award,,,,,Not yet verified,,,No matching English quiz confirmed in the evidence reviewed. Blank does not mean zero points or that no quiz exists.,,,Searched; not yet verified,Original editorial summary; not independently source-checked,,1961 — Newbery — Honor,
the-cricket-in-times-square--george-selden,Newbery,Honor,1961,The Cricket in Times Square,George Selden,4.0,,,4.9,4.0,MG,,"Chester the cricket resides in a newsstand in Times Square. He has many adventures, climaxing with the rescue of the…",Source excerpt,https://www.arbookfind.com/bookdetail.aspx?q=22&l=EN,,"Original supplied score; believed Goodreads, unverified",Award,22,https://www.arbookfind.com/bookdetail.aspx?q=22&l=EN,Renaissance,2026-09-28,Source checked,The Cricket in Times Square,,,,EN,Previously sourced,Present in supplied CSV,,1961 — Newbery — Honor,
onion-john--joseph-krumgold,Newbery,Medal,1960,Onion John,Joseph Krumgold,2.5,,,,,,,A boy's friendship with an eccentric immigrant exposes the damage that well-meaning neighbors can cause when they insist on changing someone else's life.,Original editorial summary,,,"Original supplied score; believed Goodreads, unverified",Award,,,,,Not yet verified,,,No matching English quiz confirmed in the evidence reviewed. Blank does not mean zero points or that no quiz exists.,,,Searched; not yet verified,Original editorial summary; not independently source-checked,,1960 — Newbery — Medal,
my-side-of-the-mountain--jean-craighead-george,Newbery,Honor,1960,My Side of the Mountain,Jean Craighead George,4.5,,,5.2,6.0,MG,,"Written in the form of a diary, this story relates the days of a young boy in the Catskill Mountains.",Source excerpt,https://www.arbookfind.com/bookdetail.aspx?q=64&l=EN,,"Original supplied score; believed Goodreads, unverified",Award,64,https://www.arbookfind.com/bookdetail.aspx?q=64&l=EN,Renaissance,2026-09-28,Source checked,My Side of the Mountain,,,,EN,Previously sourced,Present in supplied CSV,,1960 — Newbery — Honor,
america-is-born--gerald-w-johnson,Newbery,Honor,1960,America Is Born,Gerald W. Johnson,2.0,,,,,,,The opening volume of A History for Peter surveys American history from European exploration through the creation of the United States Constitution.,Original editorial summary,,,"Original supplied score; believed Goodreads, unverified",Award,,,,,Not yet verified,,,No matching English quiz confirmed in the evidence reviewed. Blank does not mean zero points or that no quiz exists.,,,Searched; not yet verified,Original editorial summary; not independently source-checked,,1960 — Newbery — Honor,
the-gammage-cup--carol-kendall,Newbery,Honor,1960,The Gammage Cup,Carol Kendall,4.0,,,5.9,8.0,MG,,"A handful of Minnipins, a sober and sedate people, rise up against the Periods, the leading family of an isolated…",Source excerpt,https://www.arbookfind.com/bookdetail.aspx?q=220&l=EN,,"Original supplied score; believed Goodreads, unverified",Award,220,https://www.arbookfind.com/bookdetail.aspx?q=220&l=EN,Renaissance,2026-09-28,Source checked,The Gammage Cup,,,,EN,Previously sourced,Present in supplied CSV,,1960 — Newbery — Honor,
the-witch-of-blackbird-pond--elizabeth-george-speare,Newbery,Medal,1959,The Witch of Blackbird Pond,Elizabeth George Speare,4.5,,,5.7,9.0,MG,,"Puritan neighbors regard Kit Tyler with suspicion, fear, and anger when she befriends an old woman accused of witchcraft.",Source excerpt,https://www.arbookfind.com/bookdetail.aspx?q=98&l=EN,,"Original supplied score; believed Goodreads, unverified",Award,98,https://www.arbookfind.com/bookdetail.aspx?q=98&l=EN,Renaissance,2026-09-28,Source checked,The Witch of Blackbird Pond,,,,EN,Previously sourced,Present in supplied CSV,,1959 — Newbery — Medal,
the-family-under-the-bridge--natalie-savage-carlson,Newbery,Honor,1959,The Family Under the Bridge,Natalie Savage Carlson,4.0,,,4.7,3.0,MG,,"An old tramp, adopted by three fatherless children when their mother hides them under a bridge on the Seine, finds…",Source excerpt,https://www.arbookfind.com/bookdetail.aspx?q=467&l=EN,,"Original supplied score; believed Goodreads, unverified",Award,467,https://www.arbookfind.com/bookdetail.aspx?q=467&l=EN,Renaissance,2026-09-28,Source checked,The Family Under the Bridge,,,,EN,Previously sourced,Present in supplied CSV,,1959 — Newbery — Honor,
along-came-a-dog--meindert-dejong,Newbery,Honor,1959,Along Came a Dog,Meindert DeJong,3.5,,,5.7,5,,,"A stray dog becomes the protector of a vulnerable hen, overcoming suspicion as he searches for a place on a farm.",Original editorial summary,,,"Original supplied score; believed Goodreads, unverified",Award,151,https://school.teachingbooks.net/tb.cgi?tid=11417,TeachingBooks,2026-10-06,Source checked,,,,Along Came a Dog,EN,Matched saved source evidence,Original editorial summary; not independently source-checked,,1959 — Newbery — Honor,
chucaro--francis-kalnay,Newbery,Honor,1959,Chucaro,Francis Kalnay,3.0,,,,,,,A boy on the Argentine pampas forms a bond with a spirited pony and hopes to keep the animal as his own.,Original editorial summary,,,"Original supplied score; believed Goodreads, unverified",Award,,,,,Not yet verified,,,No matching English quiz confirmed in the evidence reviewed. Blank does not mean zero points or that no quiz exists.,,,Searched; not yet verified,Original editorial summary; not independently source-checked,,1959 — Newbery — Honor,
the-perilous-road--william-o-steele,Newbery,Honor,1959,The Perilous Road,William O. Steele,3.5,,,4.7,5,,,A Tennessee boy's hatred of Union soldiers is tested when his actions during the Civil War put someone he loves in danger.,Original editorial summary,,,"Original supplied score; believed Goodreads, unverified",Award,20307,https://school.teachingbooks.net/tb.cgi?tid=5338,TeachingBooks,2026-10-06,Source checked,,,,The Perilous Road,EN,Matched saved source evidence,Original editorial summary; not independently source-checked,,1959 — Newbery — Honor,
rifles-for-watie--harold-keith,Newbery,Medal,1958,Rifles for Watie,Harold Keith,3.5,,,6.1,14.0,MG,,"Sixteen-year-old Jeff cannot wait to join the Union army and fight against Stand Watie, leader of the Cherokee Indian rebels.",Source excerpt,https://www.arbookfind.com/bookdetail.aspx?q=75&l=EN,,"Original supplied score; believed Goodreads, unverified",Award,75,https://www.arbookfind.com/bookdetail.aspx?q=75&l=EN,Renaissance,2026-09-28,Source checked,Rifles for Watie,,,,EN,Previously sourced,Present in supplied CSV,,1958 — Newbery — Medal,
the-horsecatcher--mari-sandoz,Newbery,Honor,1958,The Horsecatcher,Mari Sandoz,3.0,,,,,,,A young Cheyenne who excels at catching horses resists the expectation that he must become a warrior.,Original editorial summary,,,"Original supplied score; believed Goodreads, unverified",Award,,,,,Not yet verified,,,No matching English quiz confirmed in the evidence reviewed. Blank does not mean zero points or that no quiz exists.,,,Searched; not yet verified,Original editorial summary; not independently source-checked,,1958 — Newbery — Honor,
gone-away-lake--elizabeth-enright,Newbery,Honor,1958,Gone-Away Lake,Elizabeth Enright,4.0,,,5.3,7.0,MG,,Julian and Portia spend an unforgettable vacation when they discover an abandoned summer colony.,Source excerpt,https://www.arbookfind.com/bookdetail.aspx?q=224&l=EN,,"Original supplied score; believed Goodreads, unverified",Award,224,https://www.arbookfind.com/bookdetail.aspx?q=224&l=EN,Renaissance,2026-09-28,Source checked,Gone-Away Lake,,,,EN,Previously sourced,Present in supplied CSV,,1958 — Newbery — Honor,
the-great-wheel--robert-lawson,Newbery,Honor,1958,The Great Wheel,Robert Lawson,3.0,,,6.5,6,,,"A young Irish immigrant helps build the great Ferris wheel for the Chicago World's Fair, combining mechanical ambition with a new life in America.",Original editorial summary,,,"Original supplied score; believed Goodreads, unverified",Award,161090,https://school.teachingbooks.net/tb.cgi?tid=11419,TeachingBooks,2026-10-06,Source checked,,,,The Great Wheel,EN,Matched saved source evidence,Original editorial summary; not independently source-checked,,1958 — Newbery — Honor,
tom-paine-freedom-s-apostle--leo-gurko,Newbery,Honor,1958,"Tom Paine, Freedom's Apostle",Leo Gurko,2.5,,,,,,,A biography follows Thomas Paine's life and the political writings through which he promoted revolution and individual liberty.,Original editorial summary,,,"Original supplied score; believed Goodreads, unverified",Award,,,,,Not yet verified,,,No matching English quiz confirmed in the evidence reviewed. Blank does not mean zero points or that no quiz exists.,,,Searched; not yet verified,Original editorial summary; not independently source-checked,,1958 — Newbery — Honor,
miracles-on-maple-hill--virginia-sorensen,Newbery,Medal,1957,Miracles on Maple Hill,Virginia Sorensen,3.5,,,4.9,7,,,"A family moves to the countryside hoping to help a father recover from war, finding friendship and renewal through the changing seasons.",Original editorial summary,,,"Original supplied score; believed Goodreads, unverified",Award,59,https://school.teachingbooks.net/tb.cgi?tid=4560,TeachingBooks,2026-10-06,Source checked,,,,Miracles on Maple Hill,EN,Matched saved source evidence,Original editorial summary; not independently source-checked,,1957 — Newbery — Medal,
old-yeller--fred-gipson,Newbery,Honor,1957,Old Yeller,Fred Gipson,4.0,,,5.0,5.0,MG,,This book is a heartwarming story of a boy and his dog and their many adventures in the Texas wilderness.…,Source excerpt,https://www.arbookfind.com/bookdetail.aspx?q=66&l=EN,,"Original supplied score; believed Goodreads, unverified",Award,66,https://www.arbookfind.com/bookdetail.aspx?q=66&l=EN,Renaissance,2026-09-28,Source checked,Old Yeller,,,,EN,Previously sourced,Present in supplied CSV,,1957 — Newbery — Honor,
the-house-of-sixty-fathers--meindert-dejong,Newbery,Honor,1957,The House of Sixty Fathers,Meindert DeJong,4.0,,,5.5,6,MG,,"Alone in a sampan with his pig and three ducklings, a little Chinese boy is whirled down a raging river,…",Source excerpt,https://library.cityofcarrollton.com/Record/2405,,"Original supplied score; believed Goodreads, unverified",Award,,https://library.cityofcarrollton.com/Record/2405,Library catalog,2026-09-28,Source checked,The house of sixty fathers,,,,EN,Previously sourced,Present in supplied CSV,,1957 — Newbery — Honor,
mr-justice-holmes--clara-ingram-judson,Newbery,Honor,1957,Mr. Justice Holmes,Clara Ingram Judson,2.5,,,,,,,"A biography introduces Oliver Wendell Holmes Jr., tracing his life, legal career, and work on the United States Supreme Court.",Original editorial summary,,,"Original supplied score; believed Goodreads, unverified",Award,,,,,Not yet verified,,,No matching English quiz confirmed in the evidence reviewed. Blank does not mean zero points or that no quiz exists.,,,Searched; not yet verified,Original editorial summary; not independently source-checked,,1957 — Newbery — Honor,
the-corn-grows-ripe--dorothy-rhoads,Newbery,Honor,1957,The Corn Grows Ripe,Dorothy Rhoads,3.0,,,4.7,2,,,A Maya boy must take on the demanding work of growing his family's corn after his father is injured.,Original editorial summary,,,"Original supplied score; believed Goodreads, unverified",Award,20303,https://school.teachingbooks.net/tb.cgi?tid=11422,TeachingBooks,2026-10-06,Source checked,,,,The Corn Grows Ripe,EN,Matched saved source evidence,Original editorial summary; not independently source-checked,,1957 — Newbery — Honor,
black-fox-of-lorne--marguerite-de-angeli,Newbery,Honor,1957,Black Fox of Lorne,Marguerite de Angeli,3.0,,,,,,,Viking twins become caught up in conflict in medieval Scotland and must use their resemblance and resourcefulness to survive.,Original editorial summary,,,"Original supplied score; believed Goodreads, unverified",Award,,,,,Not yet verified,,,No matching English quiz confirmed in the evidence reviewed. Blank does not mean zero points or that no quiz exists.,,,Searched; not yet verified,Original editorial summary; not independently source-checked,,1957 — Newbery — Honor,
carry-on-mr-bowditch--jean-lee-latham,Newbery,Medal,1956,"Carry On, Mr. Bowditch",Jean Lee Latham,4.0,,,4.1,8.0,MG,,This fictionalized biography tells the story of the mathematician and astronomer who realized his childhood desire to become a ship's…,Source excerpt,https://www.arbookfind.com/bookdetail.aspx?q=16&l=EN,,"Original supplied score; believed Goodreads, unverified",Award,16,https://www.arbookfind.com/bookdetail.aspx?q=16&l=EN,Renaissance,2026-09-28,Source checked,"Carry on, Mr. Bowditch",,,,EN,Previously sourced,Present in supplied CSV,,1956 — Newbery — Medal,
the-secret-river--marjorie-kinnan-rawlings,Newbery,Honor,1956,The Secret River,Marjorie Kinnan Rawlings,3.5,,,,,,,A young Black girl enters an enchanted forest and seeks help finding enough fish to support her struggling family.,Original editorial summary,,,"Original supplied score; believed Goodreads, unverified",Award,,,,,Not yet verified,,,No matching English quiz confirmed in the evidence reviewed. Blank does not mean zero points or that no quiz exists.,,,Searched; not yet verified,Original editorial summary; not independently source-checked,,1956 — Newbery — Honor,
the-golden-name-day--jennie-lindquist,Newbery,Honor,1956,The Golden Name Day,Jennie Lindquist,3.0,,,,,,,A girl living with Swedish grandparents longs for a name-day celebration of her own and finds belonging through family customs.,Original editorial summary,,,"Original supplied score; believed Goodreads, unverified",Award,,,,,Not yet verified,,,No matching English quiz confirmed in the evidence reviewed. Blank does not mean zero points or that no quiz exists.,,,Searched; not yet verified,Original editorial summary; not independently source-checked,,1956 — Newbery — Honor,
men-microscopes-and-living-things--katherine-shippen,Newbery,Honor,1956,"Men, Microscopes, and Living Things",Katherine Shippen,2.5,,,,,,,A history of biological discovery follows the people and inventions that changed humanity's understanding of living organisms.,Original editorial summary,,,"Original supplied score; believed Goodreads, unverified",Award,,,,,Not yet verified,,,No matching English quiz confirmed in the evidence reviewed. Blank does not mean zero points or that no quiz exists.,,,Searched; not yet verified,Original editorial summary; not independently source-checked,,1956 — Newbery — Honor,
the-wheel-on-the-school--meindert-dejong,Newbery,Medal,1955,The Wheel on the School,Meindert DeJong,4.0,,,4.7,10.0,MG,,The residents of a small town in Holland try to bring storks to nest in their village.,Source excerpt,https://www.arbookfind.com/bookdetail.aspx?q=94&l=EN,,"Original supplied score; believed Goodreads, unverified",Award,94,https://www.arbookfind.com/bookdetail.aspx?q=94&l=EN,Renaissance,2026-09-28,Source checked,The Wheel on the School,,,,EN,Previously sourced,Present in supplied CSV,,1955 — Newbery — Medal,
the-courage-of-sarah-noble--alice-dalgliesh,Newbery,Honor,1955,The Courage of Sarah Noble,Alice Dalgliesh,3.5,,,3.9,1.0,MG,,A charming and brave eight-year-old girl accompanies her father into the wilderness of Connecticut in 1707 to cook for him…,Source excerpt,https://www.arbookfind.com/bookdetail.aspx?q=21&l=EN,,"Original supplied score; believed Goodreads, unverified",Award,21,https://www.arbookfind.com/bookdetail.aspx?q=21&l=EN,Renaissance,2026-09-28,Source checked,The Courage of Sarah Noble,,,,EN,Previously sourced,Present in supplied CSV,,1955 — Newbery — Honor,
banner-in-the-sky--james-ullman,Newbery,Honor,1955,Banner in the Sky,James Ullman,4.0,,,5.1,11.0,MG,,"Rudi's father had been killed trying to climb the Citadel, a dangerous Swiss mountain. Now it is Rudi's dream to…",Source excerpt,https://www.arbookfind.com/bookdetail.aspx?q=207&l=EN,,"Original supplied score; believed Goodreads, unverified",Award,207,https://www.arbookfind.com/bookdetail.aspx?q=207&l=EN,Renaissance,2026-09-28,Source checked,Banner in the Sky,,,,EN,Previously sourced,Present in supplied CSV,,1955 — Newbery — Honor,
and-now-miguel--joseph-krumgold,Newbery,Medal,1954,...And Now Miguel,Joseph Krumgold,3.0,,,4.8,8,MG,,"A New Mexican shepherd boy longs to join the men on the mountain sheep drive, then confronts the complicated cost of getting his wish.",Original editorial summary,,,"Original supplied score; believed Goodreads, unverified",Award,,https://discover.knoxcountylibrary.org/Record/130218,Library catalog,2026-09-28,Source checked,... and now Miguel,,,,EN,Previously sourced,Original editorial summary; not independently source-checked,,1954 — Newbery — Medal,
all-alone--claire-huchet-bishop,Newbery,Honor,1954,All Alone,Claire Huchet Bishop,3.0,,,,,,,A boy tending cattle alone in the French mountains learns the value of cooperation when he encounters another young herder.,Original editorial summary,,,"Original supplied score; believed Goodreads, unverified",Award,,,,,Not yet verified,,,No matching English quiz confirmed in the evidence reviewed. Blank does not mean zero points or that no quiz exists.,,,Searched; not yet verified,Original editorial summary; not independently source-checked,,1954 — Newbery — Honor,
shadrach--meindert-dejong,Newbery,Honor,1954,Shadrach,Meindert DeJong,3.5,,,,,,,A Dutch boy's excitement over receiving a pet rabbit turns into anxious responsibility when the animal disappears.,Original editorial summary,,,"Original supplied score; believed Goodreads, unverified",Award,,,,,Not yet verified,,,No matching English quiz confirmed in the evidence reviewed. Blank does not mean zero points or that no quiz exists.,,,Searched; not yet verified,Original editorial summary; not independently source-checked,,1954 — Newbery — Honor,
hurry-home-candy--meindert-dejong,Newbery,Honor,1954,"Hurry Home, Candy",Meindert DeJong,3.5,,,,,,,"A frightened little dog wanders through a threatening world in search of safety, affection, and a lasting home.",Original editorial summary,,,"Original supplied score; believed Goodreads, unverified",Award,,,,,Not yet verified,,,No matching English quiz confirmed in the evidence reviewed. Blank does not mean zero points or that no quiz exists.,,,Searched; not yet verified,Original editorial summary; not independently source-checked,,1954 — Newbery — Honor,
theodore-roosevelt-fighting-patriot--clara-ingram-judson,Newbery,Honor,1954,"Theodore Roosevelt, Fighting Patriot",Clara Ingram Judson,2.5,,,,,,,"A biography traces Theodore Roosevelt's childhood, public career, and energetic approach to political leadership and national service.",Original editorial summary,,,"Original supplied score; believed Goodreads, unverified",Award,,,,,Not yet verified,,,No matching English quiz confirmed in the evidence reviewed. Blank does not mean zero points or that no quiz exists.,,,Searched; not yet verified,Original editorial summary; not independently source-checked,,1954 — Newbery — Honor,
magic-maize--mary-and-conrad-buff,Newbery,Honor,1954,Magic Maize,Mary and Conrad Buff,3.0,,,,,,,"A young Guatemalan boy's discovery of unusual corn becomes a story about tradition, farming, and his family's future.",Original editorial summary,,,"Original supplied score; believed Goodreads, unverified",Award,,,,,Not yet verified,,,No matching English quiz confirmed in the evidence reviewed. Blank does not mean zero points or that no quiz exists.,,,Searched; not yet verified,Original editorial summary; not independently source-checked,,1954 — Newbery — Honor,
secret-of-the-andes--ann-nolan-clark,Newbery,Medal,1953,Secret of the Andes,Ann Nolan Clark,2.5,,,4.7,5.0,MG,,An Indian boy who tends llamas in a hidden valley in Peru learns the traditions and secrets of his Inca…,Source excerpt,https://www.arbookfind.com/bookdetail.aspx?q=79&l=EN,,"Original supplied score; believed Goodreads, unverified",Award,79,https://www.arbookfind.com/bookdetail.aspx?q=79&l=EN,Renaissance,2026-09-28,Source checked,Secret of the Andes,,,,EN,Previously sourced,Present in supplied CSV,,1953 — Newbery — Medal,
charlotte-s-web--e-b-white,Newbery,Honor,1953,Charlotte's Web,E.B. White,5.0,,,4.4,5.0,MG,,"A spider's ingenious friendship with a pig turns a barnyard story into a meditation on loyalty, mortality and change.",Original summary,,,"Original supplied score; believed Goodreads, unverified",Award,19,https://www.arbookfind.com/bookdetail.aspx?q=19&l=EN,Renaissance,2026-09-28,Source checked,Charlotte's Web,,,,EN,Previously sourced,Present in supplied CSV,,1953 — Newbery — Honor,
moccasin-trail--eloise-jarvis-mcgraw,Newbery,Honor,1953,Moccasin Trail,Eloise Jarvis McGraw,3.5,,,5.8,12.0,MG,,"Jim Keath attempts to re-orient himself to life as a white man, after living for six years as a Crow…",Source excerpt,https://www.arbookfind.com/bookdetail.aspx?q=373&l=EN,,"Original supplied score; believed Goodreads, unverified",Award,373,https://www.arbookfind.com/bookdetail.aspx?q=373&l=EN,Renaissance,2026-09-28,Source checked,Moccasin Trail,,,,EN,Previously sourced,Present in supplied CSV,,1953 — Newbery — Honor,
red-sails-to-capri--ann-weil,Newbery,Honor,1953,Red Sails to Capri,Ann Weil,3.5,,,3.4,4,,,"Visitors to Capri join a local family in investigating a mysterious cove, leading to an unexpected discovery.",Original editorial summary,,,"Original supplied score; believed Goodreads, unverified",Award,5038,https://school.teachingbooks.net/tb.cgi?tid=11431,TeachingBooks,2026-10-06,Source checked,,,,Red Sails to Capri,EN,Matched saved source evidence,Original editorial summary; not independently source-checked,,1953 — Newbery — Honor,
the-bears-on-hemlock-mountain--alice-dalgliesh,Newbery,Honor,1953,The Bears on Hemlock Mountain,Alice Dalgliesh,3.5,,,3.5,1.0,LG,,"A young boy sent on an errand over Hemlock Mountain is not so sure he likes going alone, because there…",Source excerpt,https://www.arbookfind.com/bookdetail.aspx?q=43129&l=EN,,"Original supplied score; believed Goodreads, unverified",Award,43129,https://www.arbookfind.com/bookdetail.aspx?q=43129&l=EN,Renaissance,2026-09-28,Source checked,The Bears on Hemlock Mountain,,,,EN,Previously sourced,Present in supplied CSV,,1953 — Newbery — Honor,
birthdays-of-freedom--genevieve-foster,Newbery,Honor,1953,Birthdays of Freedom,Genevieve Foster,2.5,,,,,,,"An illustrated introduction traces milestones in the development of ideas about liberty, government, and individual rights.",Original editorial summary,,,"Original supplied score; believed Goodreads, unverified",Award,,,,,Not yet verified,,,No matching English quiz confirmed in the evidence reviewed. Blank does not mean zero points or that no quiz exists.,,,Searched; not yet verified,Original editorial summary; not independently source-checked,,1953 — Newbery — Honor,
ginger-pye--eleanor-estes,Newbery,Medal,1952,Ginger Pye,Eleanor Estes,4.0,,,6.0,9.0,MG,,The disappearance of a new puppy named Ginger and the appearance of a mysterious man in a mustard yellow hat…,Source excerpt,https://www.arbookfind.com/bookdetail.aspx?q=31&l=EN,,"Original supplied score; believed Goodreads, unverified",Award,31,https://www.arbookfind.com/bookdetail.aspx?q=31&l=EN,Renaissance,2026-09-28,Source checked,Ginger Pye,,,,EN,Previously sourced,Present in supplied CSV,,1952 — Newbery — Medal,
americans-before-columbus--elizabeth-baity,Newbery,Honor,1952,Americans Before Columbus,Elizabeth Baity,2.0,,,,,,,An illustrated historical survey introduces the peoples and civilizations of the Americas before European colonization.,Original editorial summary,,,"Original supplied score; believed Goodreads, unverified",Award,,,,,Not yet verified,,,No matching English quiz confirmed in the evidence reviewed. Blank does not mean zero points or that no quiz exists.,,,Searched; not yet verified,Original editorial summary; not independently source-checked,,1952 — Newbery — Honor,
minn-of-the-mississippi--holling-c-holling,Newbery,Honor,1952,Minn of the Mississippi,Holling C. Holling,3.5,,,,,,,"A snapping turtle's journey down the Mississippi provides a framework for exploring the river's geography, wildlife, and human history.",Original editorial summary,,,"Original supplied score; believed Goodreads, unverified",Award,,,,,Not yet verified,,,No matching English quiz confirmed in the evidence reviewed. Blank does not mean zero points or that no quiz exists.,,,Searched; not yet verified,Original editorial summary; not independently source-checked,,1952 — Newbery — Honor,
the-defender--nicholas-kalashnikoff,Newbery,Honor,1952,The Defender,Nicholas Kalashnikoff,3.0,,,,,,,"An isolated man in Siberia protects wild mountain sheep, facing suspicion from neighbors who do not understand his bond with the animals.",Original editorial summary,,,"Original supplied score; believed Goodreads, unverified",Award,,,,,Not yet verified,,,No matching English quiz confirmed in the evidence reviewed. Blank does not mean zero points or that no quiz exists.,,,Searched; not yet verified,Original editorial summary; not independently source-checked,,1952 — Newbery — Honor,
the-light-at-tern-rock--julia-sauer,Newbery,Honor,1952,The Light at Tern Rock,Julia Sauer,3.5,,,4.8,1,,,"A boy and his aunt agree to tend a lighthouse, then face a lonely Christmas when the keeper fails to return as promised.",Original editorial summary,,,"Original supplied score; believed Goodreads, unverified",Award,109160,https://school.teachingbooks.net/tb.cgi?tid=11465,TeachingBooks,2026-10-06,Source checked,,,,The Light at Tern Rock,EN,Matched saved source evidence,Original editorial summary; not independently source-checked,,1952 — Newbery — Honor,
the-apple-and-the-arrow--mary-and-conrad-buff,Newbery,Honor,1952,The Apple and the Arrow,Mary and Conrad Buff,3.0,,,4.8,2,MG,,A retelling of the William Tell legend recounts a son's ordeal and his father's resistance to oppressive rule in Switzerland.,Original editorial summary,,,"Original supplied score; believed Goodreads, unverified",Award,19039,https://bookroo.com/books/the-apple-and-the-arrow,Bookroo,2026-10-06,Source checked,,,Secondary-source AR metadata; check the quiz and edition before assigning school credit.,The Apple and the Arrow,EN,Matched saved source evidence,Original editorial summary; not independently source-checked,,1952 — Newbery — Honor,
amos-fortune-free-man--elizabeth-yates,Newbery,Medal,1951,"Amos Fortune, Free Man",Elizabeth Yates,2.0,,,6.5,5.0,MG,,This biography details the life of an African prince who was captured by slave traders at age fifteen and brought…,Source excerpt,https://www.arbookfind.com/bookdetail.aspx?q=3&l=EN,,"Original supplied score; believed Goodreads, unverified",Award,3,https://www.arbookfind.com/bookdetail.aspx?q=3&l=EN,Renaissance,2026-09-28,Source checked,"Amos Fortune, Free Man",,,,EN,Previously sourced,Present in supplied CSV,,1951 — Newbery — Medal,
better-known-as-johnny-appleseed--mabel-leigh-hunt,Newbery,Honor,1951,Better Known as Johnny Appleseed,Mabel Leigh Hunt,3.0,,,,,,,"A biography presents John Chapman, the wandering orchard planter remembered in American folklore as Johnny Appleseed.",Original editorial summary,,,"Original supplied score; believed Goodreads, unverified",Award,,,,,Not yet verified,,,No matching English quiz confirmed in the evidence reviewed. Blank does not mean zero points or that no quiz exists.,,,Searched; not yet verified,Original editorial summary; not independently source-checked,,1951 — Newbery — Honor,
gandhi-fighter-without-a-sword--jeanette-eaton,Newbery,Honor,1951,"Gandhi, Fighter Without a Sword",Jeanette Eaton,3.0,,,,,,,A biography traces Mohandas Gandhi's life and his development of nonviolent resistance in the struggle for Indian independence.,Original editorial summary,,,"Original supplied score; believed Goodreads, unverified",Award,,,,,Not yet verified,,,No matching English quiz confirmed in the evidence reviewed. Blank does not mean zero points or that no quiz exists.,,,Searched; not yet verified,Original editorial summary; not independently source-checked,,1951 — Newbery — Honor,
abraham-lincoln-friend-of-the-people--clara-ingram-judson,Newbery,Honor,1951,"Abraham Lincoln, Friend of the People",Clara Ingram Judson,3.0,,,7.3,7,,,"A biography follows Abraham Lincoln from his early life through his presidency, emphasizing his character and relationship with ordinary people.",Original editorial summary,,,"Original supplied score; believed Goodreads, unverified",Award,19001,https://school.teachingbooks.net/tb.cgi?tid=48028,TeachingBooks,2026-10-06,Source checked,Matched title variant: Abraham Lincoln: Friend of the People,,,Abraham Lincoln: Friend of the People,EN,Matched saved source evidence,Original editorial summary; not independently source-checked,,1951 — Newbery — Honor,
the-story-of-appleby-capple--anne-parrish,Newbery,Honor,1951,The Story of Appleby Capple,Anne Parrish,3.0,,,,,,,An elaborate alphabet adventure uses alliteration and comic characters to carry Appleby Capple through an increasingly unusual quest.,Original editorial summary,,,"Original supplied score; believed Goodreads, unverified",Award,,,,,Not yet verified,,,No matching English quiz confirmed in the evidence reviewed. Blank does not mean zero points or that no quiz exists.,,,Searched; not yet verified,Original editorial summary; not independently source-checked,,1951 — Newbery — Honor,
the-door-in-the-wall--marguerite-de-angeli,Newbery,Medal,1950,The Door in the Wall,Marguerite de Angeli,4.0,,,6.2,4,MG,,A boy in medieval England loses the use of his legs and discovers new skills and forms of courage with help from a kindly monk.,Original editorial summary,,,"Original supplied score; believed Goodreads, unverified",Award,,https://bookroo.com/books/the-door-in-the-wall,Bookroo,2026-10-06,Source checked,,,Secondary-source AR metadata; check the quiz and edition before assigning school credit.,The Door in the Wall,EN,Matched saved source evidence,Original editorial summary; not independently source-checked,,1950 — Newbery — Medal,
tree-of-freedom--rebecca-caudill,Newbery,Honor,1950,Tree of Freedom,Rebecca Caudill,3.5,,,6.1,10,,,"A girl and her family establish a home in Kentucky during the Revolutionary era, confronting frontier dangers and questions of loyalty.",Original editorial summary,,,"Original supplied score; believed Goodreads, unverified",Award,5092,https://school.teachingbooks.net/tb.cgi?tid=11256,TeachingBooks,2026-10-06,Source checked,,,,Tree of Freedom,EN,Matched saved source evidence,Original editorial summary; not independently source-checked,,1950 — Newbery — Honor,
the-blue-cat-of-castle-town--catherine-coblentz,Newbery,Honor,1950,The Blue Cat of Castle Town,Catherine Coblentz,3.5,,,,,,,"A magical blue cat seeks someone who can hear and share a river's song about beauty, craftsmanship, and contentment.",Original editorial summary,,,"Original supplied score; believed Goodreads, unverified",Award,,,,,Not yet verified,,,No matching English quiz confirmed in the evidence reviewed. Blank does not mean zero points or that no quiz exists.,,,Searched; not yet verified,Original editorial summary; not independently source-checked,,1950 — Newbery — Honor,
kildee-house--rutherford-montgomery,Newbery,Honor,1950,Kildee House,Rutherford Montgomery,3.5,,,4.7,6,,,"A solitary man builds a woodland home and shares it with wild animals, gradually forming new friendships with nearby children.",Original editorial summary,,,"Original supplied score; believed Goodreads, unverified",Award,121577,https://school.teachingbooks.net/tb.cgi?tid=11468,TeachingBooks,2026-10-06,Source checked,,,,Kildee House,EN,Matched saved source evidence,Original editorial summary; not independently source-checked,,1950 — Newbery — Honor,
george-washington--genevieve-foster,Newbery,Honor,1950,George Washington,Genevieve Foster,3.0,,,,,,,"An introductory biography presents George Washington's early life, military leadership, and role in the founding of the United States.",Original editorial summary,,,"Original supplied score; believed Goodreads, unverified",Award,,,,,Not yet verified,,,No matching English quiz confirmed in the evidence reviewed. Blank does not mean zero points or that no quiz exists.,,,Searched; not yet verified,Original editorial summary; not independently source-checked,,1950 — Newbery — Honor,
song-of-the-pines--walter-and-marion-havighurst,Newbery,Honor,1950,Song of the Pines,Walter and Marion Havighurst,3.0,,,,,,,"A Norwegian immigrant's experiences in Wisconsin's lumber country explore work, settlement, and the search for a new home.",Original editorial summary,,,"Original supplied score; believed Goodreads, unverified",Award,,,,,Not yet verified,,,No matching English quiz confirmed in the evidence reviewed. Blank does not mean zero points or that no quiz exists.,,,Searched; not yet verified,Original editorial summary; not independently source-checked,,1950 — Newbery — Honor,
king-of-the-wind--marguerite-henry,Newbery,Medal,1949,King of the Wind,Marguerite Henry,4.0,,,5.4,5,MG,,A Moroccan stable boy remains devoted to an Arabian horse through hardship and travel in this fictionalized story of the Godolphin Arabian.,Original editorial summary,,,"Original supplied score; believed Goodreads, unverified",Award,51,https://bookroo.com/books/king-of-the-wind,Bookroo,2026-10-06,Source checked,,,Secondary-source AR metadata; check the quiz and edition before assigning school credit.,King of the Wind,EN,Matched saved source evidence,Original editorial summary; not independently source-checked,,1949 — Newbery — Medal,
seabird--holling-c-holling,Newbery,Honor,1949,Seabird,Holling C. Holling,3.5,,,5.1,2,MG,,"An ivory carving of a seabird passes through generations of seafarers, connecting changes in ships, trade, and ocean travel.",Original editorial summary,,,"Original supplied score; believed Goodreads, unverified",Award,6486,https://bookroo.com/books/seabird-holling-c-holling,Bookroo,2026-10-06,Source checked,,,Secondary-source AR metadata; check the quiz and edition before assigning school credit.,Seabird,EN,Matched saved source evidence,Original editorial summary; not independently source-checked,,1949 — Newbery — Honor,
daughter-of-the-mountains--louise-rankin,Newbery,Honor,1949,Daughter of the Mountains,Louise Rankin,3.5,,,6.1,8.0,MG,,Momo undertakes a dangerous journey from the mountains of Tibet to the city of Calcutta in search of her stolen…,Source excerpt,https://www.arbookfind.com/bookdetail.aspx?q=88648&l=EN,,"Original supplied score; believed Goodreads, unverified",Award,88648,https://www.arbookfind.com/bookdetail.aspx?q=88648&l=EN,Renaissance,2026-09-28,Source checked,Daughter of the Mountains,,,,EN,Previously sourced,Present in supplied CSV,,1949 — Newbery — Honor,
my-father-s-dragon--ruth-stiles-gannett,Newbery,Honor,1949,My Father's Dragon,Ruth Stiles Gannett,4.5,,,5.6,1.0,LG,,A young boy determines to rescue a poor baby dragon who is being used by a group of lazy wild…,Source excerpt,https://www.arbookfind.com/bookdetail.aspx?q=486&l=EN,,"Original supplied score; believed Goodreads, unverified",Award,486,https://www.arbookfind.com/bookdetail.aspx?q=486&l=EN,Renaissance,2026-09-28,Source checked,My Father's Dragon,,,,EN,Previously sourced,Present in supplied CSV,,1949 — Newbery — Honor,
story-of-the-negro--arna-bontemps,Newbery,Honor,1949,Story of the Negro,Arna Bontemps,3.0,,,,,,,"A historical overview traces African and African American experience, including slavery and the struggle for freedom and achievement.",Original editorial summary,,,"Original supplied score; believed Goodreads, unverified",Award,,,,,Not yet verified,,,No matching English quiz confirmed in the evidence reviewed. Blank does not mean zero points or that no quiz exists.,,,Searched; not yet verified,Original editorial summary; not independently source-checked,,1949 — Newbery — Honor,
the-twenty-one-balloons--william-pene-du-bois,Newbery,Medal,1948,The Twenty-One Balloons,William Pène du Bois,4.0,,,6.8,6,MG,,A retired teacher's balloon voyage leads him to a fantastically wealthy island society on Krakatoa just before a volcanic catastrophe.,Original editorial summary,,,"Original supplied score; believed Goodreads, unverified",Award,,https://search.westlakelibrary.org/Record/6612?page=1&recordIndex=1&referred=resultIndex&searchId=3733192,Library catalog,2026-10-06,Source checked,Original English novel,,Secondary-source AR metadata; confirm the matching quiz and edition with your school before assigning credit.,The Twenty-One Balloons,EN,Matched source evidence,Original editorial summary; not independently source-checked,,1948 — Newbery — Medal,
pancakes-paris--claire-huchet-bishop,Newbery,Honor,1948,Pancakes-Paris,Claire Huchet Bishop,3.0,,,,,,,"In Paris shortly after World War II, a boy tries to find the ingredients to make pancakes for his little sister's Mardi Gras celebration.",Original editorial summary,https://en.wikipedia.org/wiki/Pancakes-Paris,,"Original supplied score; believed Goodreads, unverified",Award,,,,,Not yet verified,,,No matching English quiz confirmed in the evidence reviewed. Blank does not mean zero points or that no quiz exists.,,,Searched; not yet verified,Summary checked against cited source,,1948 — Newbery — Honor,
li-lun-lad-of-courage--carolyn-treffinger,Newbery,Honor,1948,"Li Lun, Lad of Courage",Carolyn Treffinger,3.0,,,4.8,3,,,"A Chinese boy afraid of going to sea is challenged to grow rice on a mountain, where patience and determination become essential.",Original editorial summary,,,"Original supplied score; believed Goodreads, unverified",Award,20309,https://school.teachingbooks.net/tb.cgi?tid=11474,TeachingBooks,2026-10-06,Source checked,,,,"Li Lun, Lad of Courage",EN,Matched saved source evidence,Original editorial summary; not independently source-checked,,1948 — Newbery — Honor,
the-quaint-and-curious-quest-of-johnny-longfoot--catherine-besterman,Newbery,Honor,1948,The Quaint and Curious Quest of Johnny Longfoot,Catherine Besterman,3.0,,,,,,,"A cobbler's son sets out to recover magical seven-league boots, encountering sea creatures, treachery, and unexpected assistance.",Original editorial summary,https://en.wikipedia.org/wiki/The_Quaint_and_Curious_Quest_of_Johnny_Longfoot,,"Original supplied score; believed Goodreads, unverified",Award,,,,,Not yet verified,,,No matching English quiz confirmed in the evidence reviewed. Blank does not mean zero points or that no quiz exists.,,,Searched; not yet verified,Summary checked against cited source,,1948 — Newbery — Honor,
the-cow-tail-switch--harold-courlander,Newbery,Honor,1948,The Cow-Tail Switch,Harold Courlander,4.0,,,4.8,3.0,MG,,This collection of seventeen short stories gathered in the Ashanti region of Africa depicts the origins of folk sayings and…,Source excerpt,https://www.arbookfind.com/bookdetail.aspx?q=30655&l=EN,,"Original supplied score; believed Goodreads, unverified",Award,30655,https://www.arbookfind.com/bookdetail.aspx?q=30655&l=EN,Renaissance,2026-09-28,Source checked,The Cow-Tail Switch and Other West African Stories,,,,EN,Previously sourced,Present in supplied CSV,,1948 — Newbery — Honor,
misty-of-chincoteague--marguerite-henry,Newbery,Honor,1948,Misty of Chincoteague,Marguerite Henry,4.5,,,5.3,4.0,MG,,"A breed of wild horses inhabit an island, and one is befriended and tamed by the love of two children.",Source excerpt,https://www.arbookfind.com/bookdetail.aspx?q=60&l=EN,,"Original supplied score; believed Goodreads, unverified",Award,60,https://www.arbookfind.com/bookdetail.aspx?q=60&l=EN,Renaissance,2026-09-28,Source checked,Misty of Chincoteague,,,,EN,Previously sourced,Present in supplied CSV,,1948 — Newbery — Honor,
miss-hickory--carolyn-sherwin-bailey,Newbery,Medal,1947,Miss Hickory,Carolyn Sherwin Bailey,2.5,,,5.9,4,MG,,A small doll made from natural materials faces the changing seasons and must learn how to survive outside the human household.,Original editorial summary,,,"Original supplied score; believed Goodreads, unverified",Award,126,https://bookroo.com/books/miss-hickory-puffin-newbery-library,Bookroo,2026-10-06,Source checked,,,Secondary-source AR metadata; check the quiz and edition before assigning school credit.,Miss Hickory,EN,Matched saved source evidence,Original editorial summary; not independently source-checked,,1947 — Newbery — Medal,
wonderful-year--nancy-barnes,Newbery,Honor,1947,Wonderful Year,Nancy Barnes,2.5,,,,,,,"A girl and her parents move from Kansas to a Colorado fruit ranch, adapting to unfamiliar work and surroundings during a year of renewal.",Original editorial summary,https://en.wikipedia.org/wiki/The_Wonderful_Year_%28novel%29,,"Original supplied score; believed Goodreads, unverified",Award,,,,,Not yet verified,,,No matching English quiz confirmed in the evidence reviewed. Blank does not mean zero points or that no quiz exists.,,,Searched; not yet verified,Summary checked against cited source,,1947 — Newbery — Honor,
big-tree--mary-and-conrad-buff,Newbery,Honor,1947,Big Tree,Mary and Conrad Buff,3.0,,,,,,,"The life of a giant sequoia unfolds across centuries, placing animal visitors and human events against the tree's long history.",Original editorial summary,,,"Original supplied score; believed Goodreads, unverified",Award,,,,,Not yet verified,,,No matching English quiz confirmed in the evidence reviewed. Blank does not mean zero points or that no quiz exists.,,,Searched; not yet verified,Original editorial summary; not independently source-checked,,1947 — Newbery — Honor,
the-heavenly-tenants--william-maxwell,Newbery,Honor,1947,The Heavenly Tenants,William Maxwell,3.5,,,,,,,"While a family is away from its Wisconsin farm, figures from the constellations descend to care for the property.",Original editorial summary,,,"Original supplied score; believed Goodreads, unverified",Award,,,,,Not yet verified,,,No matching English quiz confirmed in the evidence reviewed. Blank does not mean zero points or that no quiz exists.,,,Searched; not yet verified,Original editorial summary; not independently source-checked,,1947 — Newbery — Honor,
the-avion-my-uncle-flew--cyrus-fisher,Newbery,Honor,1947,The Avion My Uncle Flew,Cyrus Fisher,3.0,,,,,,,An American boy visiting France becomes caught up in a mystery involving an aircraft and suspicious activities.,Original editorial summary,,,"Original supplied score; believed Goodreads, unverified",Award,,,,,Not yet verified,,,No matching English quiz confirmed in the evidence reviewed. Blank does not mean zero points or that no quiz exists.,,,Searched; not yet verified,Original editorial summary; not independently source-checked,,1947 — Newbery — Honor,
the-hidden-treasure-of-glaston--eleanore-jewett,Newbery,Honor,1947,The Hidden Treasure of Glaston,Eleanore Jewett,3.5,,,,,,,"In medieval England, a boy seeking refuge at Glastonbury Abbey encounters a mystery involving a hidden treasure.",Original editorial summary,,,"Original supplied score; believed Goodreads, unverified",Award,,,,,Not yet verified,,,No matching English quiz confirmed in the evidence reviewed. Blank does not mean zero points or that no quiz exists.,,,Searched; not yet verified,Original editorial summary; not independently source-checked,,1947 — Newbery — Honor,
strawberry-girl--lois-lenski,Newbery,Medal,1946,Strawberry Girl,Lois Lenski,3.5,,,4.8,6.0,MG,,"This is the story of Birdie Boyer and how she battles nature, animals, and feuding neighbors in the backwoods of…",Source excerpt,https://www.arbookfind.com/bookdetail.aspx?q=86&l=EN,,"Original supplied score; believed Goodreads, unverified",Award,86,https://www.arbookfind.com/bookdetail.aspx?q=86&l=EN,Renaissance,2026-09-28,Source checked,Strawberry Girl,,,,EN,Previously sourced,Present in supplied CSV,,1946 — Newbery — Medal,
justin-morgan-had-a-horse--marguerite-henry,Newbery,Honor,1946,Justin Morgan Had a Horse,Marguerite Henry,3.5,,,5.8,5.0,MG,,"An unusual work horse raised in Vermont and known originally as ""Little Bub"" becomes the sire of a famous American…",Source excerpt,https://www.arbookfind.com/bookdetail.aspx?q=235&l=EN,,"Original supplied score; believed Goodreads, unverified",Award,235,https://www.arbookfind.com/bookdetail.aspx?q=235&l=EN,Renaissance,2026-09-28,Source checked,Justin Morgan Had a Horse,,,,EN,Previously sourced,Present in supplied CSV,,1946 — Newbery — Honor,
the-moved-outers--florence-crannell-means,Newbery,Honor,1946,The Moved-Outers,Florence Crannell Means,3.5,,,,,,,A Japanese American teenager and her family confront forced removal from their home and incarceration during World War II.,Original editorial summary,,,"Original supplied score; believed Goodreads, unverified",Award,,,,,Not yet verified,,,No matching English quiz confirmed in the evidence reviewed. Blank does not mean zero points or that no quiz exists.,,,Searched; not yet verified,Original editorial summary; not independently source-checked,,1946 — Newbery — Honor,
bhimsa-the-dancing-bear--christine-weston,Newbery,Honor,1946,"Bhimsa, the Dancing Bear",Christine Weston,3.0,,,,,,,"A boy and his performing bear travel through India, sharing adventures and a close bond.",Original editorial summary,,,"Original supplied score; believed Goodreads, unverified",Award,,,,,Not yet verified,,,No matching English quiz confirmed in the evidence reviewed. Blank does not mean zero points or that no quiz exists.,,,Searched; not yet verified,Original editorial summary; not independently source-checked,,1946 — Newbery — Honor,
new-found-world--katherine-shippen,Newbery,Honor,1946,New Found World,Katherine Shippen,2.5,,,,,,,"A historical survey introduces Latin America's Indigenous civilizations, European conquest, colonial society, and movements for independence.",Original editorial summary,https://en.wikipedia.org/wiki/New_Found_World,,"Original supplied score; believed Goodreads, unverified",Award,,,,,Not yet verified,,,No matching English quiz confirmed in the evidence reviewed. Blank does not mean zero points or that no quiz exists.,,,Searched; not yet verified,Summary checked against cited source,,1946 — Newbery — Honor,
rabbit-hill--robert-lawson,Newbery,Medal,1945,Rabbit Hill,Robert Lawson,3.5,,,6.4,3.0,MG,,"The Animals of the Hill prepare for the ""new Folk"" moving into the Big House.",Source excerpt,https://www.arbookfind.com/bookdetail.aspx?q=71&l=EN,,"Original supplied score; believed Goodreads, unverified",Award,71,https://www.arbookfind.com/bookdetail.aspx?q=71&l=EN,Renaissance,2026-09-28,Source checked,Rabbit Hill,,,,EN,Previously sourced,Present in supplied CSV,,1945 — Newbery — Medal,
the-hundred-dresses--eleanor-estes,Newbery,Honor,1945,The Hundred Dresses,Eleanor Estes,4.5,,,5.4,1.0,MG,,"In winning a medal she is no longer there to receive, a little Polish girl teaches her classmates a lesson.",Source excerpt,https://www.arbookfind.com/bookdetail.aspx?q=42&l=EN,,"Original supplied score; believed Goodreads, unverified",Award,42,https://www.arbookfind.com/bookdetail.aspx?q=42&l=EN,Renaissance,2026-09-28,Source checked,The Hundred Dresses,,,,EN,Previously sourced,Present in supplied CSV,,1945 — Newbery — Honor,
the-silver-pencil--alice-dalgliesh,Newbery,Honor,1945,The Silver Pencil,Alice Dalgliesh,3.0,,,,,,,"A girl growing up in Trinidad discovers the pleasure of writing, carrying her literary ambitions through later changes in her life.",Original editorial summary,,,"Original supplied score; believed Goodreads, unverified",Award,,,,,Not yet verified,,,No matching English quiz confirmed in the evidence reviewed. Blank does not mean zero points or that no quiz exists.,,,Searched; not yet verified,Original editorial summary; not independently source-checked,,1945 — Newbery — Honor,
abraham-lincoln-s-world--genevieve-foster,Newbery,Honor,1945,Abraham Lincoln's World,Genevieve Foster,3.0,,,,,,,A world-history panorama uses Abraham Lincoln's lifetime to connect events and influential people in different countries.,Original editorial summary,,,"Original supplied score; believed Goodreads, unverified",Award,,,,,Not yet verified,,,No matching English quiz confirmed in the evidence reviewed. Blank does not mean zero points or that no quiz exists.,,,Searched; not yet verified,Original editorial summary; not independently source-checked,,1945 — Newbery — Honor,
lone-journey--jeanette-eaton,Newbery,Honor,1945,Lone Journey,Jeanette Eaton,2.5,,,,,,,A fictionalized biography follows Roger Williams's struggle for religious liberty and his establishment of a new community in Rhode Island.,Original editorial summary,https://en.wikipedia.org/wiki/Lone_Journey,,"Original supplied score; believed Goodreads, unverified",Award,,,,,Not yet verified,,,No matching English quiz confirmed in the evidence reviewed. Blank does not mean zero points or that no quiz exists.,,,Searched; not yet verified,Summary checked against cited source,,1945 — Newbery — Honor,
johnny-tremain--esther-forbes,Newbery,Medal,1944,Johnny Tremain,Esther Forbes,4.0,,,5.9,13.0,MG,,This book follows a young apprentice from a tragic accident in a silversmith's shop to his dramatic involvement as a…,Source excerpt,https://www.arbookfind.com/bookdetail.aspx?q=47&l=EN,,"Original supplied score; believed Goodreads, unverified",Award,47,https://www.arbookfind.com/bookdetail.aspx?q=47&l=EN,Renaissance,2026-09-28,Source checked,Johnny Tremain,,,,EN,Previously sourced,Present in supplied CSV,,1944 — Newbery — Medal,
these-happy-golden-years--laura-ingalls-wilder,Newbery,Honor,1944,These Happy Golden Years,Laura Ingalls Wilder,4.0,,,5.6,10.0,MG,,"Fifteen-year-old Laura begins teaching and is courted by her future husband, Almanzo.",Source excerpt,https://www.arbookfind.com/bookdetail.aspx?q=497&l=EN,,"Original supplied score; believed Goodreads, unverified",Award,497,https://www.arbookfind.com/bookdetail.aspx?q=497&l=EN,Renaissance,2026-09-28,Source checked,These Happy Golden Years,,,,EN,Previously sourced,Present in supplied CSV,,1944 — Newbery — Honor,
fog-magic--julia-sauer,Newbery,Honor,1944,Fog Magic,Julia Sauer,3.5,,,,,,,"A Nova Scotia girl enters a vanished village through the fog, moving between everyday life and a mysterious past.",Original editorial summary,,,"Original supplied score; believed Goodreads, unverified",Award,,,,,Not yet verified,,,No matching English quiz confirmed in the evidence reviewed. Blank does not mean zero points or that no quiz exists.,,,Searched; not yet verified,Original editorial summary; not independently source-checked,,1944 — Newbery — Honor,
rufus-m--eleanor-estes,Newbery,Honor,1944,Rufus M.,Eleanor Estes,4.0,,,5.2,8,,,"The youngest Moffat child tackles reading, chores, and neighborhood adventures with determination and an imaginative view of everyday life.",Original editorial summary,,,"Original supplied score; believed Goodreads, unverified",Award,47421,https://school.teachingbooks.net/tb.cgi?tid=11481,TeachingBooks,2026-10-06,Source checked,,,,Rufus M.,EN,Matched saved source evidence,Original editorial summary; not independently source-checked,,1944 — Newbery — Honor,
mountain-born--elizabeth-yates,Newbery,Honor,1944,Mountain Born,Elizabeth Yates,3.5,,,5.6,4.0,MG,,A boy in a family of sheep farmers raises a black lamb to be the leader of the flock.,Source excerpt,https://www.arbookfind.com/bookdetail.aspx?q=53263&l=EN,,"Original supplied score; believed Goodreads, unverified",Award,53263,https://www.arbookfind.com/bookdetail.aspx?q=53263&l=EN,Renaissance,2026-09-28,Source checked,Mountain Born,,,,EN,Previously sourced,Present in supplied CSV,,1944 — Newbery — Honor,
adam-of-the-road--elizabeth-janet-gray,Newbery,Medal,1943,Adam of the Road,Elizabeth Janet Gray,3.5,,,6.5,9.0,MG,,This book describes the adventures of eleven-year-old Adam as he travels the open roads of thirteenth-century England searching for his…,Source excerpt,https://www.arbookfind.com/bookdetail.aspx?q=1&l=EN,,"Original supplied score; believed Goodreads, unverified",Award,1,https://www.arbookfind.com/bookdetail.aspx?q=1&l=EN,Renaissance,2026-09-28,Source checked,Adam of the Road,,,,EN,Previously sourced,Present in supplied CSV,,1943 — Newbery — Medal,
the-middle-moffat--eleanor-estes,Newbery,Honor,1943,The Middle Moffat,Eleanor Estes,4.0,,,4.6,6.0,MG,,"Jane is always in the middle of all the fun, whether it's a fast and furious card game with the…",Source excerpt,https://www.arbookfind.com/bookdetail.aspx?q=57&l=EN,,"Original supplied score; believed Goodreads, unverified",Award,57,https://www.arbookfind.com/bookdetail.aspx?q=57&l=EN,Renaissance,2026-09-28,Source checked,The Middle Moffat,,,,EN,Previously sourced,Present in supplied CSV,,1943 — Newbery — Honor,
have-you-seen-tom-thumb--mabel-leigh-hunt,Newbery,Honor,1943,Have You Seen Tom Thumb?,Mabel Leigh Hunt,2.5,,,,,,,"A fictionalized biography recounts the life and worldwide performing career of Charles Stratton, the entertainer billed by P. T. Barnum as General Tom Thumb.",Original editorial summary,https://en.wikipedia.org/wiki/Have_You_Seen_Tom_Thumb%3F,,"Original supplied score; believed Goodreads, unverified",Award,,,,,Not yet verified,,,No matching English quiz confirmed in the evidence reviewed. Blank does not mean zero points or that no quiz exists.,,,Searched; not yet verified,Summary checked against cited source,,1943 — Newbery — Honor,
the-matchlock-gun--walter-edmonds,Newbery,Medal,1942,The Matchlock Gun,Walter Edmonds,2.0,,,5.1,1.0,MG,,"In 1756, during the French and Indian War in upper New York state, ten-year-old Edward is determined to protect his…",Source excerpt,https://www.arbookfind.com/bookdetail.aspx?q=56&l=EN,,"Original supplied score; believed Goodreads, unverified",Award,56,https://www.arbookfind.com/bookdetail.aspx?q=56&l=EN,Renaissance,2026-09-28,Source checked,The Matchlock Gun,,,,EN,Previously sourced,Present in supplied CSV,,1942 — Newbery — Medal,
little-town-on-the-prairie--laura-ingalls-wilder,Newbery,Honor,1942,Little Town on the Prairie,Laura Ingalls Wilder,3.5,,,5.4,9.0,MG,,"Pa's homestead thrives, Laura gets her first job in town, blackbirds eat the crops, Mary goes to college, and Laura…",Source excerpt,https://www.arbookfind.com/bookdetail.aspx?q=327&l=EN,,"Original supplied score; believed Goodreads, unverified",Award,327,https://www.arbookfind.com/bookdetail.aspx?q=327&l=EN,Renaissance,2026-09-28,Source checked,Little Town on the Prairie,,,,EN,Previously sourced,Present in supplied CSV,,1942 — Newbery — Honor,
george-washington-s-world--genevieve-foster,Newbery,Honor,1942,George Washington's World,Genevieve Foster,3.0,,,,,,,"A global history follows events during George Washington's lifetime, placing American independence alongside developments elsewhere in the world.",Original editorial summary,,,"Original supplied score; believed Goodreads, unverified",Award,,,,,Not yet verified,,,No matching English quiz confirmed in the evidence reviewed. Blank does not mean zero points or that no quiz exists.,,,Searched; not yet verified,Original editorial summary; not independently source-checked,,1942 — Newbery — Honor,
indian-captive--lois-lenski,Newbery,Honor,1942,Indian Captive,Lois Lenski,3.0,,,5.4,10.0,MG,,Authentic reconstruction of Mary Jemison's capture and life with the Seneca Indians.,Source excerpt,https://www.arbookfind.com/bookdetail.aspx?q=10881&l=EN,,"Original supplied score; believed Goodreads, unverified",Award,10881,https://www.arbookfind.com/bookdetail.aspx?q=10881&l=EN,Renaissance,2026-09-28,Source checked,Indian Captive: The Story of Mary Jemison,,,,EN,Previously sourced,Present in supplied CSV,,1942 — Newbery — Honor,
down-ryton-water--eva-roe-gaggin,Newbery,Honor,1942,Down Ryton Water,Eva Roe Gaggin,2.5,,,,,,,A young narrator experiences the religious struggles and journeys of the English Separatists associated with Scrooby and the Pilgrims.,Original editorial summary,https://en.wikipedia.org/wiki/Down_Ryton_Water,,"Original supplied score; believed Goodreads, unverified",Award,,,,,Not yet verified,,,No matching English quiz confirmed in the evidence reviewed. Blank does not mean zero points or that no quiz exists.,,,Searched; not yet verified,Summary checked against cited source,,1942 — Newbery — Honor,
call-it-courage--armstrong-sperry,Newbery,Medal,1941,Call It Courage,Armstrong Sperry,3.5,,,6.2,3.0,MG,,An inspiring youth overcomes his fear of the sea and proves his courage to himself and his tribe.,Source excerpt,https://www.arbookfind.com/bookdetail.aspx?q=15&l=EN,,"Original supplied score; believed Goodreads, unverified",Award,15,https://www.arbookfind.com/bookdetail.aspx?q=15&l=EN,Renaissance,2026-09-28,Source checked,Call It Courage,,,,EN,Previously sourced,Present in supplied CSV,,1941 — Newbery — Medal,
blue-willow--doris-gates,Newbery,Honor,1941,Blue Willow,Doris Gates,3.5,,,,,,,"A migrant worker's daughter longs for a permanent home, drawing hope from a treasured blue willow plate and a new friendship.",Original editorial summary,,,"Original supplied score; believed Goodreads, unverified",Award,,,,,Not yet verified,,,No matching English quiz confirmed in the evidence reviewed. Blank does not mean zero points or that no quiz exists.,,,Searched; not yet verified,Original editorial summary; not independently source-checked,,1941 — Newbery — Honor,
young-mac-of-fort-vancouver--mary-jane-carr,Newbery,Honor,1941,Young Mac of Fort Vancouver,Mary Jane Carr,2.5,,,,,,,"A boy from a fur-trading family arrives at Fort Vancouver for an education, torn between adventure and his late father's hopes.",Original editorial summary,https://en.wikipedia.org/wiki/Young_Mac_of_Fort_Vancouver,,"Original supplied score; believed Goodreads, unverified",Award,,,,,Not yet verified,,,No matching English quiz confirmed in the evidence reviewed. Blank does not mean zero points or that no quiz exists.,,,Searched; not yet verified,Summary checked against cited source,,1941 — Newbery — Honor,
the-long-winter--laura-ingalls-wilder,Newbery,Honor,1941,The Long Winter,Laura Ingalls Wilder,4.5,,,5.3,10.0,MG,,A blizzard and a warning from a Native American compel Charles Ingalls to move his family to town in the…,Source excerpt,https://www.arbookfind.com/bookdetail.aspx?q=370&l=EN,,"Original supplied score; believed Goodreads, unverified",Award,370,https://www.arbookfind.com/bookdetail.aspx?q=370&l=EN,Renaissance,2026-09-28,Source checked,The Long Winter,,,,EN,Previously sourced,Present in supplied CSV,,1941 — Newbery — Honor,
nansen--anna-gertrude-hall,Newbery,Honor,1941,Nansen,Anna Gertrude Hall,3.0,,,,,,,An illustrated biography introduces Norwegian explorer Fridtjof Nansen and the determination behind his polar expeditions.,Original editorial summary,https://en.wikipedia.org/wiki/Nansen_%28biography%29,,"Original supplied score; believed Goodreads, unverified",Award,,,,,Not yet verified,,,No matching English quiz confirmed in the evidence reviewed. Blank does not mean zero points or that no quiz exists.,,,Searched; not yet verified,Summary checked against cited source,,1941 — Newbery — Honor,
daniel-boone--james-daugherty,Newbery,Medal,1940,Daniel Boone,James Daugherty,1.5,,,7.7,4.0,MG,,"This biography chronicles the life of Daniel Boone, the famous hunter and adventurer who explored and helped settle the early…",Source excerpt,https://www.arbookfind.com/bookdetail.aspx?q=23&l=EN,,"Original supplied score; believed Goodreads, unverified",Award,23,https://www.arbookfind.com/bookdetail.aspx?q=23&l=EN,Renaissance,2026-09-28,Source checked,Daniel Boone,,,,EN,Previously sourced,Present in supplied CSV,,1940 — Newbery — Medal,
the-singing-tree--kate-seredy,Newbery,Honor,1940,The Singing Tree,Kate Seredy,3.5,,,5,7,MG,,"A Hungarian farming family faces the disruptions of World War I, offering shelter and compassion as the conflict reaches their community.",Original editorial summary,,,"Original supplied score; believed Goodreads, unverified",Award,104046,https://bookroo.com/books/the-singing-tree,Bookroo,2026-10-06,Source checked,,,Secondary-source AR metadata; check the quiz and edition before assigning school credit.,The Singing Tree,EN,Matched saved source evidence,Original editorial summary; not independently source-checked,,1940 — Newbery — Honor,
runner-of-the-mountain-tops--mabel-robinson,Newbery,Honor,1940,Runner of the Mountain Tops,Mabel Robinson,2.5,,,,,,,A biography follows natural scientist Louis Agassiz from his Swiss childhood to his research and teaching career at Harvard.,Original editorial summary,https://en.wikipedia.org/wiki/Runner_of_the_Mountain_Tops,,"Original supplied score; believed Goodreads, unverified",Award,,,,,Not yet verified,,,No matching English quiz confirmed in the evidence reviewed. Blank does not mean zero points or that no quiz exists.,,,Searched; not yet verified,Summary checked against cited source,,1940 — Newbery — Honor,
by-the-shores-of-silver-lake--laura-ingalls-wilder,Newbery,Honor,1940,By the Shores of Silver Lake,Laura Ingalls Wilder,4.0,,,5.3,9.0,MG,,"The Ingalls family leaves Minnesota, travels to the Dakota Territory, and lives at a railroad camp until Pa can file…",Source excerpt,https://www.arbookfind.com/bookdetail.aspx?q=212&l=EN,,"Original supplied score; believed Goodreads, unverified",Award,212,https://www.arbookfind.com/bookdetail.aspx?q=212&l=EN,Renaissance,2026-09-28,Source checked,By the Shores of Silver Lake,,,,EN,Previously sourced,Present in supplied CSV,,1940 — Newbery — Honor,
boy-with-a-pack--stephen-w-meader,Newbery,Honor,1940,Boy with a Pack,Stephen W. Meader,3.0,,,,,,,"A young peddler travels toward the American West, encountering hardship and adventure while trying to make an independent life.",Original editorial summary,,,"Original supplied score; believed Goodreads, unverified",Award,,,,,Not yet verified,,,No matching English quiz confirmed in the evidence reviewed. Blank does not mean zero points or that no quiz exists.,,,Searched; not yet verified,Original editorial summary; not independently source-checked,,1940 — Newbery — Honor,
thimble-summer--elizabeth-enright,Newbery,Medal,1939,Thimble Summer,Elizabeth Enright,3.5,,,5.7,5.0,MG,,Nine-year-old Garnet Linden believes the silver thimble she found by the river has brought luck to her whole family.,Source excerpt,https://www.arbookfind.com/bookdetail.aspx?q=88&l=EN,,"Original supplied score; believed Goodreads, unverified",Award,88,https://www.arbookfind.com/bookdetail.aspx?q=88&l=EN,Renaissance,2026-09-28,Source checked,Thimble Summer,,,,EN,Previously sourced,Present in supplied CSV,,1939 — Newbery — Medal,
nino--valenti-angelo,Newbery,Honor,1939,Nino,Valenti Angelo,3.0,,,,,,,A boy shares village adventures with his grandfather and friend in Italy while his family waits to join his father in America.,Original editorial summary,https://en.wikipedia.org/wiki/Nino_%28novel%29,,"Original supplied score; believed Goodreads, unverified",Award,,,,,Not yet verified,,,No matching English quiz confirmed in the evidence reviewed. Blank does not mean zero points or that no quiz exists.,,,Searched; not yet verified,Summary checked against cited source,,1939 — Newbery — Honor,
mr-popper-s-penguins--richard-and-florence-atwater,Newbery,Honor,1939,Mr. Popper's Penguins,Richard and Florence Atwater,4.0,,,5.6,3.0,MG,,Mr. Popper trains his band of penguins to star in a vaudeville tour. The coauthor is Florence Atwater.,Source excerpt,https://www.arbookfind.com/bookdetail.aspx?q=58&l=EN,,"Original supplied score; believed Goodreads, unverified",Award,58,https://www.arbookfind.com/bookdetail.aspx?q=58&l=EN,Renaissance,2026-09-28,Source checked,Mr. Popper's Penguins,,,,EN,Previously sourced,Present in supplied CSV,,1939 — Newbery — Honor,
hello-the-boat--phyllis-crawford,Newbery,Honor,1939,Hello the Boat!,Phyllis Crawford,3.0,,,,,,,"A family travels down the Ohio River by boat in 1817, facing the challenges of relocating and establishing a farm.",Original editorial summary,https://en.wikipedia.org/wiki/Hello_the_Boat%21,,"Original supplied score; believed Goodreads, unverified",Award,,,,,Not yet verified,,,No matching English quiz confirmed in the evidence reviewed. Blank does not mean zero points or that no quiz exists.,,,Searched; not yet verified,Summary checked against cited source,,1939 — Newbery — Honor,
leader-by-destiny--jeanette-eaton,Newbery,Honor,1939,Leader by Destiny,Jeanette Eaton,2.5,,,,,,,"A fictionalized biography follows George Washington from adolescence through military command, revolution, and the presidency.",Original editorial summary,https://en.wikipedia.org/wiki/Leader_by_Destiny,,"Original supplied score; believed Goodreads, unverified",Award,,,,,Not yet verified,,,No matching English quiz confirmed in the evidence reviewed. Blank does not mean zero points or that no quiz exists.,,,Searched; not yet verified,Summary checked against cited source,,1939 — Newbery — Honor,
penn--elizabeth-janet-gray,Newbery,Honor,1939,Penn,Elizabeth Janet Gray,2.5,,,,,,,"A biography recounts William Penn's religious convictions, political struggles, and founding of Pennsylvania.",Original editorial summary,,,"Original supplied score; believed Goodreads, unverified",Award,,,,,Not yet verified,,,No matching English quiz confirmed in the evidence reviewed. Blank does not mean zero points or that no quiz exists.,,,Searched; not yet verified,Original editorial summary; not independently source-checked,,1939 — Newbery — Honor,
the-white-stag--kate-seredy,Newbery,Medal,1938,The White Stag,Kate Seredy,2.5,,,6.6,2,MG,,A mythic retelling follows the ancestors of the Huns and Magyars as a mysterious white stag guides them toward a new homeland.,Original editorial summary,,,"Original supplied score; believed Goodreads, unverified",Award,96,https://bookroo.com/books/the-white-stag,Bookroo,2026-10-06,Source checked,,,Secondary-source AR metadata; check the quiz and edition before assigning school credit.,The White Stag,EN,Matched saved source evidence,Original editorial summary; not independently source-checked,,1938 — Newbery — Medal,
pecos-bill--james-cloyd-bowman,Newbery,Honor,1938,Pecos Bill,James Cloyd Bowman,3.0,,,,,,,Exaggerated tales celebrate the impossible exploits of the legendary cowboy Pecos Bill and the American tall-tale tradition.,Original editorial summary,,,"Original supplied score; believed Goodreads, unverified",Award,,,,,Not yet verified,,,No matching English quiz confirmed in the evidence reviewed. Blank does not mean zero points or that no quiz exists.,,,Searched; not yet verified,Original editorial summary; not independently source-checked,,1938 — Newbery — Honor,
bright-island--mabel-robinson,Newbery,Honor,1938,Bright Island,Mabel Robinson,3.0,,,,,,,A girl raised on a Maine island leaves her familiar home for schooling on the mainland and struggles to reconcile the two worlds.,Original editorial summary,,,"Original supplied score; believed Goodreads, unverified",Award,,,,,Not yet verified,,,No matching English quiz confirmed in the evidence reviewed. Blank does not mean zero points or that no quiz exists.,,,Searched; not yet verified,Original editorial summary; not independently source-checked,,1938 — Newbery — Honor,
on-the-banks-of-plum-creek--laura-ingalls-wilder,Newbery,Honor,1938,On the Banks of Plum Creek,Laura Ingalls Wilder,4.0,,,4.6,8.0,MG,,"After moving to Minnesota, the Ingalls family encounters a terrible blizzard and a grasshopper plague. The plot contains racial prejudice…",Source excerpt,https://www.arbookfind.com/bookdetail.aspx?q=67&l=EN,,"Original supplied score; believed Goodreads, unverified",Award,67,https://www.arbookfind.com/bookdetail.aspx?q=67&l=EN,Renaissance,2026-09-28,Source checked,On the Banks of Plum Creek,,,,EN,Previously sourced,Present in supplied CSV,,1938 — Newbery — Honor,
roller-skates--ruth-sawyer,Newbery,Medal,1937,Roller Skates,Ruth Sawyer,3.0,,,6.3,8,,,"A spirited girl explores nineteenth-century New York on roller skates, making friends across social boundaries and encountering both joy and loss.",Original editorial summary,,,"Original supplied score; believed Goodreads, unverified",Award,76,https://school.teachingbooks.net/tb.cgi?tid=11456,TeachingBooks,2026-10-06,Source checked,,,,Roller Skates,EN,Matched saved source evidence,Original editorial summary; not independently source-checked,,1937 — Newbery — Medal,
phebe-fairchild-her-book--lois-lenski,Newbery,Honor,1937,Phebe Fairchild: Her Book,Lois Lenski,3.0,,,,,,,A girl accustomed to a freer upbringing must adjust to strict relatives and unfamiliar expectations in nineteenth-century Connecticut.,Original editorial summary,,,"Original supplied score; believed Goodreads, unverified",Award,,,,,Not yet verified,,,No matching English quiz confirmed in the evidence reviewed. Blank does not mean zero points or that no quiz exists.,,,Searched; not yet verified,Original editorial summary; not independently source-checked,,1937 — Newbery — Honor,
whistler-s-van--idwal-jones,Newbery,Honor,1937,Whistler's Van,Idwal Jones,2.5,,,,,,,"A Welsh farm boy spends a summer traveling with a Romani family after World War I, discovering an unfamiliar way of life.",Original editorial summary,https://en.wikipedia.org/wiki/Whistler%27s_Van,,"Original supplied score; believed Goodreads, unverified",Award,,,,,Not yet verified,,,No matching English quiz confirmed in the evidence reviewed. Blank does not mean zero points or that no quiz exists.,,,Searched; not yet verified,Summary checked against cited source,,1937 — Newbery — Honor,
the-golden-basket--ludwig-bemelmans,Newbery,Honor,1937,The Golden Basket,Ludwig Bemelmans,3.0,,,,,,,"Two sisters explore Bruges after arriving at a hotel with their father, encountering its sights and people through a child's perspective.",Original editorial summary,,,"Original supplied score; believed Goodreads, unverified",Award,,,,,Not yet verified,,,No matching English quiz confirmed in the evidence reviewed. Blank does not mean zero points or that no quiz exists.,,,Searched; not yet verified,Original editorial summary; not independently source-checked,,1937 — Newbery — Honor,
winterbound--margery-bianco,Newbery,Honor,1937,Winterbound,Margery Bianco,3.0,,,,,,,"Four siblings manage a Connecticut farmhouse during their parents' absence, meeting practical difficulties with cooperation and ingenuity.",Original editorial summary,,,"Original supplied score; believed Goodreads, unverified",Award,,,,,Not yet verified,,,No matching English quiz confirmed in the evidence reviewed. Blank does not mean zero points or that no quiz exists.,,,Searched; not yet verified,Original editorial summary; not independently source-checked,,1937 — Newbery — Honor,
the-codfish-musket--agnes-hewes,Newbery,Honor,1937,The Codfish Musket,Agnes Hewes,2.5,,,,,,,"A young man's work in the early American arms trade leads him to Washington, a presidential errand, and a dangerous frontier conspiracy.",Original editorial summary,https://en.wikipedia.org/wiki/The_Codfish_Musket,,"Original supplied score; believed Goodreads, unverified",Award,,,,,Not yet verified,,,No matching English quiz confirmed in the evidence reviewed. Blank does not mean zero points or that no quiz exists.,,,Searched; not yet verified,Summary checked against cited source,,1937 — Newbery — Honor,
audubon--constance-rourke,Newbery,Honor,1937,Audubon,Constance Rourke,2.5,,,,,,,"A biography follows John James Audubon's pursuit of birds and art, examining the experiences behind his celebrated natural-history illustrations.",Original editorial summary,,,"Original supplied score; believed Goodreads, unverified",Award,,,,,Not yet verified,,,No matching English quiz confirmed in the evidence reviewed. Blank does not mean zero points or that no quiz exists.,,,Searched; not yet verified,Original editorial summary; not independently source-checked,,1937 — Newbery — Honor,
caddie-woodlawn--carol-ryrie-brink,Newbery,Medal,1936,Caddie Woodlawn,Carol Ryrie Brink,3.5,,,6,8,MG,,The adventures of an eleven-year-old tomboy growing up on the Wisconsin frontier in the mid-nineteenth century.,Source excerpt,https://catalog.spanishfork.org/Record/2114,,"Original supplied score; believed Goodreads, unverified",Award,,https://catalog.spanishfork.org/Record/2114,Library catalog,2026-09-28,Source checked,Caddie Woodlawn.,,,,EN,Previously sourced,Present in supplied CSV,,1936 — Newbery — Medal,
honk-the-moose--phil-stong,Newbery,Honor,1936,"Honk, the Moose",Phil Stong,3.0,,,,,,,"Two boys discover a moose in their Minnesota town, prompting a comic community effort to decide what to do with it.",Original editorial summary,,,"Original supplied score; believed Goodreads, unverified",Award,,,,,Not yet verified,,,No matching English quiz confirmed in the evidence reviewed. Blank does not mean zero points or that no quiz exists.,,,Searched; not yet verified,Original editorial summary; not independently source-checked,,1936 — Newbery — Honor,
the-good-master--kate-seredy,Newbery,Honor,1936,The Good Master,Kate Seredy,4.0,,,4.4,5,,,A city girl's arrival on a Hungarian farm unsettles her cousin's life and leads both children through adventures and growing understanding.,Original editorial summary,,,"Original supplied score; believed Goodreads, unverified",Award,32,https://school.teachingbooks.net/tb.cgi?tid=11454,TeachingBooks,2026-10-06,Source checked,,,,The Good Master,EN,Matched saved source evidence,Original editorial summary; not independently source-checked,,1936 — Newbery — Honor,
young-walter-scott--elizabeth-janet-gray,Newbery,Honor,1936,Young Walter Scott,Elizabeth Janet Gray,2.5,,,,,,,A fictionalized account of Walter Scott's youth explores the experiences and stories that helped shape the future novelist.,Original editorial summary,,,"Original supplied score; believed Goodreads, unverified",Award,,,,,Not yet verified,,,No matching English quiz confirmed in the evidence reviewed. Blank does not mean zero points or that no quiz exists.,,,Searched; not yet verified,Original editorial summary; not independently source-checked,,1936 — Newbery — Honor,
all-sail-set--armstrong-sperry,Newbery,Honor,1936,All Sail Set,Armstrong Sperry,3.0,,,,,,,A young sailor's adventures aboard a clipper ship introduce the dangers and excitement of nineteenth-century ocean travel.,Original editorial summary,,,"Original supplied score; believed Goodreads, unverified",Award,,,,,Not yet verified,,,No matching English quiz confirmed in the evidence reviewed. Blank does not mean zero points or that no quiz exists.,,,Searched; not yet verified,Original editorial summary; not independently source-checked,,1936 — Newbery — Honor,
dobry--monica-shannon,Newbery,Medal,1935,Dobry,Monica Shannon,2.5,,,,,,,A Bulgarian farm boy's desire to become an artist conflicts with his mother's hopes that he will continue the family's agricultural life.,Original editorial summary,,,"Original supplied score; believed Goodreads, unverified",Award,,,,,Not yet verified,,,No matching English quiz confirmed in the evidence reviewed. Blank does not mean zero points or that no quiz exists.,,,Searched; not yet verified,Original editorial summary; not independently source-checked,,1935 — Newbery — Medal,
pageant-of-chinese-history--elizabeth-seeger,Newbery,Honor,1935,Pageant of Chinese History,Elizabeth Seeger,2.5,,,,,,,"An introductory history surveys Chinese civilization, presenting important people, events, and cultural developments for younger readers.",Original editorial summary,,,"Original supplied score; believed Goodreads, unverified",Award,,,,,Not yet verified,,,No matching English quiz confirmed in the evidence reviewed. Blank does not mean zero points or that no quiz exists.,,,Searched; not yet verified,Original editorial summary; not independently source-checked,,1935 — Newbery — Honor,
davy-crockett--constance-rourke,Newbery,Honor,1935,Davy Crockett,Constance Rourke,2.5,,,,,,,"A biography explores the life of Davy Crockett, the frontier figure whose experiences became intertwined with American legend.",Original editorial summary,,,"Original supplied score; believed Goodreads, unverified",Award,,,,,Not yet verified,,,No matching English quiz confirmed in the evidence reviewed. Blank does not mean zero points or that no quiz exists.,,,Searched; not yet verified,Original editorial summary; not independently source-checked,,1935 — Newbery — Honor,
a-day-on-skates--hilda-van-stockum,Newbery,Honor,1935,A Day on Skates,Hilda van Stockum,3.0,,,,,,,Dutch schoolchildren set out with their teacher on a skating excursion that brings winter adventures and unexpected encounters.,Original editorial summary,,,"Original supplied score; believed Goodreads, unverified",Award,,,,,Not yet verified,,,No matching English quiz confirmed in the evidence reviewed. Blank does not mean zero points or that no quiz exists.,,,Searched; not yet verified,Original editorial summary; not independently source-checked,,1935 — Newbery — Honor,
invincible-louisa--cornelia-meigs,Newbery,Medal,1934,Invincible Louisa,Cornelia Meigs,3.5,,,,,,,"A biography of Louisa May Alcott links her family life, work, and ambitions to the writing of Little Women.",Original editorial summary,,,"Original supplied score; believed Goodreads, unverified",Award,,,,,Not yet verified,,,No matching English quiz confirmed in the evidence reviewed. Blank does not mean zero points or that no quiz exists.,,,Searched; not yet verified,Original editorial summary; not independently source-checked,,1934 — Newbery — Medal,
the-forgotten-daughter--caroline-snedeker,Newbery,Honor,1934,The Forgotten Daughter,Caroline Snedeker,3.0,,,,,,,A girl enslaved on a Roman estate struggles against the belief that her father has abandoned her.,Original editorial summary,,,"Original supplied score; believed Goodreads, unverified",Award,,,,,Not yet verified,,,No matching English quiz confirmed in the evidence reviewed. Blank does not mean zero points or that no quiz exists.,,,Searched; not yet verified,Original editorial summary; not independently source-checked,,1934 — Newbery — Honor,
swords-of-steel--elsie-singmaster,Newbery,Honor,1934,Swords of Steel,Elsie Singmaster,2.5,,,,,,,"A Pennsylvania boy comes of age during the Civil War, encountering slavery, the Underground Railroad, and the fighting at Gettysburg.",Original editorial summary,https://en.wikipedia.org/wiki/Swords_of_Steel,,"Original supplied score; believed Goodreads, unverified",Award,,,,,Not yet verified,,,No matching English quiz confirmed in the evidence reviewed. Blank does not mean zero points or that no quiz exists.,,,Searched; not yet verified,Summary checked against cited source,,1934 — Newbery — Honor,
abc-bunny--wanda-gag,Newbery,Honor,1934,ABC Bunny,Wanda Gág,3.5,,,,,,,"An alphabet picture book follows a rabbit through an outdoor adventure, combining rhythmic language with detailed black-and-white illustrations.",Original editorial summary,,,"Original supplied score; believed Goodreads, unverified",Award,,,,,Not yet verified,,,No matching English quiz confirmed in the evidence reviewed. Blank does not mean zero points or that no quiz exists.,,,Searched; not yet verified,Original editorial summary; not independently source-checked,,1934 — Newbery — Honor,
winged-girl-of-knossos--erick-berry,Newbery,Honor,1934,Winged Girl of Knossos,Erick Berry,3.0,,,,,,,"In Bronze Age Crete, the inventor Daidalos's adventurous daughter moves through a world that reimagines Greek myths and ancient island life.",Original editorial summary,https://en.wikipedia.org/wiki/The_Winged_Girl_of_Knossos,,"Original supplied score; believed Goodreads, unverified",Award,,,,,Not yet verified,,,No matching English quiz confirmed in the evidence reviewed. Blank does not mean zero points or that no quiz exists.,,,Searched; not yet verified,Summary checked against cited source,,1934 — Newbery — Honor,
new-land--sarah-schmidt,Newbery,Honor,1934,New Land,Sarah Schmidt,2.5,,,,,,,"During the Depression, a father and his children move from Chicago to a Wyoming farm, where hardship and a hostile neighbor threaten their fresh start.",Original editorial summary,https://en.wikipedia.org/wiki/New_Land_%28novel%29,,"Original supplied score; believed Goodreads, unverified",Award,,,,,Not yet verified,,,No matching English quiz confirmed in the evidence reviewed. Blank does not mean zero points or that no quiz exists.,,,Searched; not yet verified,Summary checked against cited source,,1934 — Newbery — Honor,
the-big-tree-of-bunlahy--padraic-colum,Newbery,Honor,1934,The Big Tree of Bunlahy,Padraic Colum,3.0,,,,,,,Stories from the author's Irish countryside preserve the folktales and local storytelling associated with a great tree in Bunlahy.,Original editorial summary,https://en.wikipedia.org/wiki/The_Big_Tree_of_Bunlahy,,"Original supplied score; believed Goodreads, unverified",Award,,,,,Not yet verified,,,No matching English quiz confirmed in the evidence reviewed. Blank does not mean zero points or that no quiz exists.,,,Searched; not yet verified,Summary checked against cited source,,1934 — Newbery — Honor,
glory-of-the-seas--agnes-hewes,Newbery,Honor,1934,Glory of the Seas,Agnes Hewes,2.5,,,,,,,A young Boston shipping clerk's dreams of seafaring become entangled with slavery and resistance to the Fugitive Slave Law in the 1850s.,Original editorial summary,https://alsc-awards-shelf.org/book/485/glory-of-the-seas,,"Original supplied score; believed Goodreads, unverified",Award,,,,,Not yet verified,,,No matching English quiz confirmed in the evidence reviewed. Blank does not mean zero points or that no quiz exists.,,,Searched; not yet verified,Summary checked against cited source,,1934 — Newbery — Honor,
the-apprentice-of-florence--ann-kyle,Newbery,Honor,1934,The Apprentice of Florence,Ann Kyle,3.0,,,,,,,A Florentine silk merchant's young apprentice travels to Constantinople in 1453 and becomes caught in the city's perilous historical moment.,Original editorial summary,https://en.wikipedia.org/wiki/The_Apprentice_of_Florence,,"Original supplied score; believed Goodreads, unverified",Award,,,,,Not yet verified,,,No matching English quiz confirmed in the evidence reviewed. Blank does not mean zero points or that no quiz exists.,,,Searched; not yet verified,Summary checked against cited source,,1934 — Newbery — Honor,
young-fu-of-the-upper-yangtze--elizabeth-lewis,Newbery,Medal,1933,Young Fu of the Upper Yangtze,Elizabeth Lewis,3.0,,,6.4,10,MG,,"In the 1920s, a Chinese youth from the country comes to Chungking with his mother, where the bustling city offers…",Source excerpt,https://library.roseville.ca.us/Record/140218,,"Original supplied score; believed Goodreads, unverified",Award,,https://library.roseville.ca.us/Record/140218,Library catalog,2026-09-28,Source checked,Young Fu of the upper Yangtze,,,,EN,Previously sourced,Present in supplied CSV,,1933 — Newbery — Medal,
swift-rivers--cornelia-meigs,Newbery,Honor,1933,Swift Rivers,Cornelia Meigs,3.0,,,7,11,,,"A young man joins the dangerous work of moving logs down the Mississippi, facing challenges that test his strength and judgment.",Original editorial summary,,,"Original supplied score; believed Goodreads, unverified",Award,20306,https://school.teachingbooks.net/tb.cgi?tid=11255,TeachingBooks,2026-10-06,Source checked,,,,Swift Rivers,EN,Matched saved source evidence,Original editorial summary; not independently source-checked,,1933 — Newbery — Honor,
the-railroad-to-freedom--hildegarde-swift,Newbery,Honor,1933,The Railroad to Freedom,Hildegarde Swift,2.5,,,,,,,A fictionalized biography recounts Harriet Tubman's escape from slavery and her work leading others to freedom.,Original editorial summary,,,"Original supplied score; believed Goodreads, unverified",Award,,,,,Not yet verified,,,No matching English quiz confirmed in the evidence reviewed. Blank does not mean zero points or that no quiz exists.,,,Searched; not yet verified,Original editorial summary; not independently source-checked,,1933 — Newbery — Honor,
children-of-the-soil--nora-burglon,Newbery,Honor,1933,Children of the Soil,Nora Burglon,2.5,,,,,,,"A poor mother and her two children work toward a more secure life in early twentieth-century Sweden, relying on ingenuity and determination.",Original editorial summary,https://en.wikipedia.org/wiki/Children_of_the_Soil,,"Original supplied score; believed Goodreads, unverified",Award,,,,,Not yet verified,,,No matching English quiz confirmed in the evidence reviewed. Blank does not mean zero points or that no quiz exists.,,,Searched; not yet verified,Summary checked against cited source,,1933 — Newbery — Honor,
waterless-mountain--laura-adams-armer,Newbery,Medal,1932,Waterless Mountain,Laura Adams Armer,2.5,,,5.6,8,,,"A Navajo boy grows toward a spiritual vocation through experiences with his family, community, and the desert landscape.",Original editorial summary,,,"Original supplied score; believed Goodreads, unverified",Award,74540,https://school.teachingbooks.net/tb.cgi?tid=11445,TeachingBooks,2026-10-06,Source checked,,,,Waterless Mountain,EN,Matched saved source evidence,Original editorial summary; not independently source-checked,,1932 — Newbery — Medal,
the-fairy-circus--dorothy-p-lathrop,Newbery,Honor,1932,The Fairy Circus,Dorothy P. Lathrop,3.0,,,,,,,"A troupe of fairies stages a circus in the woods, with plants and animals contributing to its small-scale marvels.",Original editorial summary,,,"Original supplied score; believed Goodreads, unverified",Award,,,,,Not yet verified,,,No matching English quiz confirmed in the evidence reviewed. Blank does not mean zero points or that no quiz exists.,,,Searched; not yet verified,Original editorial summary; not independently source-checked,,1932 — Newbery — Honor,
calico-bush--rachel-field,Newbery,Honor,1932,Calico Bush,Rachel Field,3.5,,,6.2,9,,,"A French orphan working for an English family on the Maine frontier faces isolation, danger, and the struggle to belong.",Original editorial summary,,,"Original supplied score; believed Goodreads, unverified",Award,5004,https://school.teachingbooks.net/tb.cgi?tid=11446,TeachingBooks,2026-10-06,Source checked,,,,Calico Bush,EN,Matched saved source evidence,Original editorial summary; not independently source-checked,,1932 — Newbery — Honor,
boy-of-the-south-seas--eunice-tietjens,Newbery,Honor,1932,Boy of the South Seas,Eunice Tietjens,2.5,,,,,,,A boy from the Marquesas Islands accidentally travels away aboard a visiting ship and must make a new life on Moorea.,Original editorial summary,https://en.wikipedia.org/wiki/Boy_of_the_South_Seas,,"Original supplied score; believed Goodreads, unverified",Award,,,,,Not yet verified,,,No matching English quiz confirmed in the evidence reviewed. Blank does not mean zero points or that no quiz exists.,,,Searched; not yet verified,Summary checked against cited source,,1932 — Newbery — Honor,
out-of-the-flame--eloise-lownsbery,Newbery,Honor,1932,Out of the Flame,Eloise Lownsbery,2.5,,,,,,,A boy training for knighthood experiences education and adventure at the court of Francis I in sixteenth-century France.,Original editorial summary,https://en.wikipedia.org/wiki/Out_of_the_Flame,,"Original supplied score; believed Goodreads, unverified",Award,,,,,Not yet verified,,,No matching English quiz confirmed in the evidence reviewed. Blank does not mean zero points or that no quiz exists.,,,Searched; not yet verified,Summary checked against cited source,,1932 — Newbery — Honor,
jane-s-island--marjorie-allee,Newbery,Honor,1932,Jane's Island,Marjorie Allee,2.5,,,,,,,"A college student's summer at Woods Hole brings friendship with a biologist's daughter, scientific rivalries, and dangerous encounters along the coast.",Original editorial summary,https://en.wikipedia.org/wiki/Jane%27s_Island,,"Original supplied score; believed Goodreads, unverified",Award,,,,,Not yet verified,,,No matching English quiz confirmed in the evidence reviewed. Blank does not mean zero points or that no quiz exists.,,,Searched; not yet verified,Summary checked against cited source,,1932 — Newbery — Honor,
truce-of-the-wolf--mary-gould-davis,Newbery,Honor,1932,Truce of the Wolf,Mary Gould Davis,3.0,,,,,,,"Seven tales from Italy include Saint Francis's encounter with a threatening wolf, a resourceful donkey, and other episodes of wit and wonder.",Original editorial summary,https://alsc-awards-shelf.org/book/500/truce-of-the-wolf-and-other-tales-of-old,,"Original supplied score; believed Goodreads, unverified",Award,,,,,Not yet verified,,,No matching English quiz confirmed in the evidence reviewed. Blank does not mean zero points or that no quiz exists.,,,Searched; not yet verified,Summary checked against cited source,,1932 — Newbery — Honor,
the-cat-who-went-to-heaven--elizabeth-coatsworth,Newbery,Medal,1931,The Cat Who Went to Heaven,Elizabeth Coatsworth,4.0,,,5.9,2,MG,,"This is the story of a little cat who came to the home of a poor Japanese artist and, by…",Source excerpt,https://library.wasatchcounty.gov/Record/25861?page=5&recordIndex=86&searchId=65074360,,"Original supplied score; believed Goodreads, unverified",Award,,https://library.wasatchcounty.gov/Record/25861?page=5&recordIndex=86&searchId=65074360,Library catalog,2026-09-28,Source checked,The cat who went to heaven,,,,EN,Previously sourced,Present in supplied CSV,,1931 — Newbery — Medal,
floating-island--anne-parrish,Newbery,Honor,1931,Floating Island,Anne Parrish,3.0,,,,,,,"A family of dolls is shipwrecked on a tropical island, where they explore their surroundings and build an unexpected life.",Original editorial summary,https://en.wikipedia.org/wiki/Floating_Island_%28novel%29,,"Original supplied score; believed Goodreads, unverified",Award,,,,,Not yet verified,,,No matching English quiz confirmed in the evidence reviewed. Blank does not mean zero points or that no quiz exists.,,,Searched; not yet verified,Summary checked against cited source,,1931 — Newbery — Honor,
the-dark-star-of-itza--alida-malkus,Newbery,Honor,1931,The Dark Star of Itza,Alida Malkus,2.5,,,,,,,"A historical novel imagines the life of a Maya princess in fourteenth-century Chichen Itza, portraying court life and cultural traditions.",Original editorial summary,https://en.wikipedia.org/wiki/The_Dark_Star_of_Itza,,"Original supplied score; believed Goodreads, unverified",Award,,,,,Not yet verified,,,No matching English quiz confirmed in the evidence reviewed. Blank does not mean zero points or that no quiz exists.,,,Searched; not yet verified,Summary checked against cited source,,1931 — Newbery — Honor,
queer-person--ralph-hubbard,Newbery,Honor,1931,Queer Person,Ralph Hubbard,2.0,,,,,,,A lost deaf child is taken in by a woman in a Pikuni community and grows toward an important role among its people.,Original editorial summary,https://en.wikipedia.org/wiki/Queer_Person,,"Original supplied score; believed Goodreads, unverified",Award,,,,,Not yet verified,,,No matching English quiz confirmed in the evidence reviewed. Blank does not mean zero points or that no quiz exists.,,,Searched; not yet verified,Summary checked against cited source,,1931 — Newbery — Honor,
mountains-are-free--julia-davis-adams,Newbery,Honor,1931,Mountains Are Free,Julia Davis Adams,2.5,,,,,,,An orphan boy's experiences provide a view of the William Tell legend and the Swiss struggle against Habsburg rule.,Original editorial summary,https://en.wikipedia.org/wiki/Mountains_Are_Free,,"Original supplied score; believed Goodreads, unverified",Award,,,,,Not yet verified,,,No matching English quiz confirmed in the evidence reviewed. Blank does not mean zero points or that no quiz exists.,,,Searched; not yet verified,Summary checked against cited source,,1931 — Newbery — Honor,
spice-and-the-devil-s-cave--agnes-hewes,Newbery,Honor,1931,Spice and the Devil's Cave,Agnes Hewes,2.5,,,,,,,An adventure set around Portugal's spice trade follows the ambitions and dangers surrounding the search for a sea route to Asia.,Original editorial summary,https://en.wikipedia.org/wiki/Spice_and_the_Devil%27s_Cave,,"Original supplied score; believed Goodreads, unverified",Award,,,,,Not yet verified,,,No matching English quiz confirmed in the evidence reviewed. Blank does not mean zero points or that no quiz exists.,,,Searched; not yet verified,Summary checked against cited source,,1931 — Newbery — Honor,
meggy-macintosh--elizabeth-janet-gray,Newbery,Honor,1931,Meggy MacIntosh,Elizabeth Janet Gray,3.0,,,,,,,A Scottish orphan in North Carolina must weigh personal attachments against her growing sympathy for the American Revolutionary cause.,Original editorial summary,https://en.wikipedia.org/wiki/Meggy_MacIntosh,,"Original supplied score; believed Goodreads, unverified",Award,,,,,Not yet verified,,,No matching English quiz confirmed in the evidence reviewed. Blank does not mean zero points or that no quiz exists.,,,Searched; not yet verified,Summary checked against cited source,,1931 — Newbery — Honor,
garram-the-hunter--herbert-best,Newbery,Honor,1931,Garram the Hunter,Herbert Best,2.0,,,,,,,A young hunter in the Nigerian hills and his dog face dangerous journeys and rivalries as he grows toward responsibility for his community.,Original editorial summary,https://www.ebsco.com/research-starters/literature-and-writing/garram-hunter-herbert-best,,"Original supplied score; believed Goodreads, unverified",Award,,,,,Not yet verified,,,No matching English quiz confirmed in the evidence reviewed. Blank does not mean zero points or that no quiz exists.,,,Searched; not yet verified,Summary checked against cited source,,1931 — Newbery — Honor,
ood-le-uk-the-wanderer--alice-lide-and-margaret-johansen,Newbery,Honor,1931,Ood-Le-Uk the Wanderer,Alice Lide and Margaret Johansen,2.0,,,,,,,"An Alaskan Inuit boy crosses the Bering Strait and adventures through Siberia, eventually seeking to connect the peoples on both shores.",Original editorial summary,https://en.wikipedia.org/wiki/Ood-Le-Uk_the_Wanderer,,"Original supplied score; believed Goodreads, unverified",Award,,,,,Not yet verified,,,No matching English quiz confirmed in the evidence reviewed. Blank does not mean zero points or that no quiz exists.,,,Searched; not yet verified,Summary checked against cited source,,1931 — Newbery — Honor,
hitty-her-first-hundred-years--rachel-field,Newbery,Medal,1930,"Hitty, Her First Hundred Years",Rachel Field,3.0,,,7.1,11,,,"A wooden doll recounts a century of travels through different households and countries, observing human life from her unusual perspective.",Original editorial summary,,,"Original supplied score; believed Goodreads, unverified",Award,38,https://school.teachingbooks.net/tb.cgi?tid=9174,TeachingBooks,2026-10-06,Source checked,Matched title variant: Hitty: Her First Hundred Years,,,Hitty: Her First Hundred Years,EN,Matched saved source evidence,Original editorial summary; not independently source-checked,,1930 — Newbery — Medal,
a-daughter-of-the-seine--jeanette-eaton,Newbery,Honor,1930,A Daughter of the Seine,Jeanette Eaton,2.5,,,,,,,A fictionalized biography follows Madame Roland from her early life to her influential and ultimately tragic role in the French Revolution.,Original editorial summary,https://en.wikipedia.org/wiki/A_Daughter_of_the_Seine,,"Original supplied score; believed Goodreads, unverified",Award,,,,,Not yet verified,,,No matching English quiz confirmed in the evidence reviewed. Blank does not mean zero points or that no quiz exists.,,,Searched; not yet verified,Summary checked against cited source,,1930 — Newbery — Honor,
pran-of-albania--elizabeth-miller,Newbery,Honor,1930,Pran of Albania,Elizabeth Miller,2.5,,,,,,,"A girl in the Albanian mountains faces warfare, family feuds, and an arranged marriage while seeking a voice in her own future.",Original editorial summary,https://en.wikipedia.org/wiki/Pran_of_Albania,,"Original supplied score; believed Goodreads, unverified",Award,,,,,Not yet verified,,,No matching English quiz confirmed in the evidence reviewed. Blank does not mean zero points or that no quiz exists.,,,Searched; not yet verified,Summary checked against cited source,,1930 — Newbery — Honor,
the-jumping-off-place--marian-hurd-mcneely,Newbery,Honor,1930,The Jumping-Off Place,Marian Hurd McNeely,3.0,,,,,,,"Four orphaned siblings attempt to secure a South Dakota homestead, facing severe weather, financial problems, and threats to their claim.",Original editorial summary,https://en.wikipedia.org/wiki/The_Jumping-Off_Place,,"Original supplied score; believed Goodreads, unverified",Award,,,,,Not yet verified,,,No matching English quiz confirmed in the evidence reviewed. Blank does not mean zero points or that no quiz exists.,,,Searched; not yet verified,Summary checked against cited source,,1930 — Newbery — Honor,
the-tangle-coated-horse--ella-young,Newbery,Honor,1930,The Tangle-Coated Horse,Ella Young,3.0,,,,,,,"Irish legends follow Fionn mac Cumhaill and the Fianna through encounters with enchanted creatures, heroic challenges, and the supernatural.",Original editorial summary,https://en.wikipedia.org/wiki/The_Tangle-Coated_Horse_and_Other_Tales,,"Original supplied score; believed Goodreads, unverified",Award,,,,,Not yet verified,,,No matching English quiz confirmed in the evidence reviewed. Blank does not mean zero points or that no quiz exists.,,,Searched; not yet verified,Summary checked against cited source,,1930 — Newbery — Honor,
vaino--julia-davis-adams,Newbery,Honor,1930,Vaino,Julia Davis Adams,2.5,,,,,,,A boy in Helsinki experiences Finland's civil conflict in a narrative interwoven with stories from the Kalevala.,Original editorial summary,https://en.wikipedia.org/wiki/Vaino%3A_A_Boy_of_New_Finland,,"Original supplied score; believed Goodreads, unverified",Award,,,,,Not yet verified,,,No matching English quiz confirmed in the evidence reviewed. Blank does not mean zero points or that no quiz exists.,,,Searched; not yet verified,Summary checked against cited source,,1930 — Newbery — Honor,
little-blacknose--hildegarde-swift,Newbery,Honor,1930,Little Blacknose,Hildegarde Swift,3.0,,,,,,,A personified account of the DeWitt Clinton locomotive introduces the beginnings of railway travel in New York and the engine's later history.,Original editorial summary,https://en.wikipedia.org/wiki/Little_Blacknose,,"Original supplied score; believed Goodreads, unverified",Award,,,,,Not yet verified,,,No matching English quiz confirmed in the evidence reviewed. Blank does not mean zero points or that no quiz exists.,,,Searched; not yet verified,Summary checked against cited source,,1930 — Newbery — Honor,
the-trumpeter-of-krakow--eric-p-kelly,Newbery,Medal,1929,The Trumpeter of Krakow,Eric P. Kelly,3.5,,,7.1,10,UG,,A family fleeing danger in fifteenth-century Poland becomes involved in intrigue surrounding a valuable object and the city's trumpet tradition.,Original editorial summary,,,"Original supplied score; believed Goodreads, unverified",Award,,https://librarycatalog.cityofkeller.com/Record/335246,Library catalog,2026-10-06,Source checked,Original English novel,,Secondary-source AR metadata; confirm the matching quiz and edition with your school before assigning credit.,The Trumpeter of Krakow,EN,Matched source evidence,Original editorial summary; not independently source-checked,,1929 — Newbery — Medal,
pigtail-of-ah-lee-ben-loo--john-bennett,Newbery,Honor,1929,Pigtail of Ah Lee Ben Loo,John Bennett,2.0,,,,,,,A collection of comic fairy tales and stories in prose and verse pairs improbable events with silhouette illustrations.,Original editorial summary,https://en.wikipedia.org/wiki/The_Pigtail_of_Ah_Lee_Ben_Loo,,"Original supplied score; believed Goodreads, unverified",Award,,,,,Not yet verified,,,No matching English quiz confirmed in the evidence reviewed. Blank does not mean zero points or that no quiz exists.,,,Searched; not yet verified,Summary checked against cited source,,1929 — Newbery — Honor,
millions-of-cats--wanda-gag,Newbery,Honor,1929,Millions of Cats,Wanda Gág,4.5,,,3.5,0.5,,,An elderly man's search for a companion cat brings home an impossible number of cats and an unexpected solution.,Original editorial summary,,,"Original supplied score; believed Goodreads, unverified",Award,6128,https://school.teachingbooks.net/tb.cgi?tid=4536,TeachingBooks,2026-10-06,Source checked,,,,Millions of Cats,EN,Matched saved source evidence,Original editorial summary; not independently source-checked,,1929 — Newbery — Honor,
the-boy-who-was--grace-hallock,Newbery,Honor,1929,The Boy Who Was,Grace Hallock,2.5,,,,,,,"A boy granted eternal youth witnesses thousands of years of history around the Bay of Naples, linking myth with successive human eras.",Original editorial summary,https://en.wikipedia.org/wiki/The_Boy_Who_Was,,"Original supplied score; believed Goodreads, unverified",Award,,,,,Not yet verified,,,No matching English quiz confirmed in the evidence reviewed. Blank does not mean zero points or that no quiz exists.,,,Searched; not yet verified,Summary checked against cited source,,1929 — Newbery — Honor,
clearing-weather--cornelia-meigs,Newbery,Honor,1929,Clearing Weather,Cornelia Meigs,2.5,,,,,,,The construction and first voyage of a sailing ship reveal ambition and changing fortunes in a Massachusetts town after the American Revolution.,Original editorial summary,https://en.wikipedia.org/wiki/Clearing_Weather,,"Original supplied score; believed Goodreads, unverified",Award,,,,,Not yet verified,,,No matching English quiz confirmed in the evidence reviewed. Blank does not mean zero points or that no quiz exists.,,,Searched; not yet verified,Summary checked against cited source,,1929 — Newbery — Honor,
runaway-papoose--grace-moon,Newbery,Honor,1929,Runaway Papoose,Grace Moon,2.0,,,,,,,A young Pueblo girl separated from her family travels with a Navajo shepherd boy as they try to bring her safely home.,Original editorial summary,https://en.wikipedia.org/wiki/Runaway_Papoose,,"Original supplied score; believed Goodreads, unverified",Award,,,,,Not yet verified,,,No matching English quiz confirmed in the evidence reviewed. Blank does not mean zero points or that no quiz exists.,,,Searched; not yet verified,Summary checked against cited source,,1929 — Newbery — Honor,
tod-of-the-fens--elinor-whitney,Newbery,Honor,1929,Tod of the Fens,Elinor Whitney,2.5,,,,,,,A boy from the English fens becomes involved in an adventure with a disguised Prince Hal in the early fifteenth century.,Original editorial summary,https://en.wikipedia.org/wiki/Tod_of_the_Fens,,"Original supplied score; believed Goodreads, unverified",Award,,,,,Not yet verified,,,No matching English quiz confirmed in the evidence reviewed. Blank does not mean zero points or that no quiz exists.,,,Searched; not yet verified,Summary checked against cited source,,1929 — Newbery — Honor,
gay-neck-the-story-of-a-pigeon--dhan-gopal-mukerji,Newbery,Medal,1928,"Gay Neck, the Story of a Pigeon",Dhan Gopal Mukerji,3.0,,,6.5,6,,,"A carrier pigeon raised in India experiences training, flight, war, and trauma in a story about the bond between humans and birds.",Original editorial summary,,,"Original supplied score; believed Goodreads, unverified",Award,30,https://school.teachingbooks.net/tb.cgi?tid=11441,TeachingBooks,2026-10-06,Source checked,Matched title variant: Gay Neck: The Story of a Pigeon,,,Gay Neck: The Story of a Pigeon,EN,Matched saved source evidence,Original editorial summary; not independently source-checked,,1928 — Newbery — Medal,
the-wonder-smith-and-his-son--ella-young,Newbery,Honor,1928,The Wonder Smith and His Son,Ella Young,3.0,,,,,,,"A collection of Irish legends follows the remarkable craftsman Gubbaun Saor and his son through feats of skill, wit, and wonder.",Original editorial summary,https://en.wikipedia.org/wiki/The_Wonder_Smith_and_His_Son,,"Original supplied score; believed Goodreads, unverified",Award,,,,,Not yet verified,,,No matching English quiz confirmed in the evidence reviewed. Blank does not mean zero points or that no quiz exists.,,,Searched; not yet verified,Summary checked against cited source,,1928 — Newbery — Honor,
downright-dencey--caroline-snedeker,Newbery,Honor,1928,Downright Dencey,Caroline Snedeker,3.0,,,,,,,"A Quaker girl in old Nantucket forms a friendship with an impoverished boy, challenging her community's rules and prejudices.",Original editorial summary,,,"Original supplied score; believed Goodreads, unverified",Award,,,,,Not yet verified,,,No matching English quiz confirmed in the evidence reviewed. Blank does not mean zero points or that no quiz exists.,,,Searched; not yet verified,Original editorial summary; not independently source-checked,,1928 — Newbery — Honor,
smoky-the-cowhorse--will-james,Newbery,Medal,1927,"Smoky, the Cowhorse",Will James,3.5,,,6.5,13,,,"The life of a ranch horse moves from freedom through work, mistreatment, and separation, revealing both human cruelty and loyalty.",Original editorial summary,,,"Original supplied score; believed Goodreads, unverified",Award,83,https://school.teachingbooks.net/tb.cgi?tid=11439,TeachingBooks,2026-10-06,Source checked,Matched title variant: Smoky the Cowhorse,,,Smoky the Cowhorse,EN,Matched saved source evidence,Original editorial summary; not independently source-checked,,1927 — Newbery — Medal,
shen-of-the-sea--arthur-bowie-chrisman,Newbery,Medal,1926,Shen of the Sea,Arthur Bowie Chrisman,2.0,,,,,,,"A collection of literary tales set in China features cleverness, folly, magic, and unexpected turns of fortune.",Original editorial summary,,,"Original supplied score; believed Goodreads, unverified",Award,,,,,Not yet verified,,,No matching English quiz confirmed in the evidence reviewed. Blank does not mean zero points or that no quiz exists.,,,Searched; not yet verified,Original editorial summary; not independently source-checked,,1926 — Newbery — Medal,
the-voyagers--padraic-colum,Newbery,Honor,1926,The Voyagers,Padraic Colum,2.5,,,,,,,"Legendary and historical voyages across the Atlantic connect tales of lost lands, Irish adventurers, Norse explorers, and later European expeditions.",Original editorial summary,https://en.wikipedia.org/wiki/The_Voyagers%3A_Being_Legends_and_Romances_of_Atlantic_Discovery,,"Original supplied score; believed Goodreads, unverified",Award,,,,,Not yet verified,,,No matching English quiz confirmed in the evidence reviewed. Blank does not mean zero points or that no quiz exists.,,,Searched; not yet verified,Summary checked against cited source,,1926 — Newbery — Honor,
tales-from-silver-lands--charles-finger,Newbery,Medal,1925,Tales from Silver Lands,Charles Finger,2.5,,,6.2,10,MG,,"A collection retells folktales gathered from Central and South America, bringing together animals, magic, danger, and resourceful heroes.",Original editorial summary,,,"Original supplied score; believed Goodreads, unverified",Award,,https://catalog.hmcpl.org/GroupedWork/73cee6f8-c6ae-0a64-6b26-08d70ca46b79-eng,Library catalog,2026-09-28,Source checked,Tales from silver lands,,,,EN,Previously sourced,Original editorial summary; not independently source-checked,,1925 — Newbery — Medal,
nicholas--anne-carroll-moore,Newbery,Honor,1925,Nicholas,Anne Carroll Moore,2.0,,,,,,,"A tiny visitor from Holland tours New York at Christmastime, meeting famous figures, fictional characters, and magical companions.",Original editorial summary,https://en.wikipedia.org/wiki/Nicholas_%28novel%29,,"Original supplied score; believed Goodreads, unverified",Award,,,,,Not yet verified,,,No matching English quiz confirmed in the evidence reviewed. Blank does not mean zero points or that no quiz exists.,,,Searched; not yet verified,Summary checked against cited source,,1925 — Newbery — Honor,
the-dream-coach--anne-parrish,Newbery,Honor,1925,The Dream Coach,Anne Parrish,2.5,,,,,,,Four linked fantasy tales follow a magical coach that travels around the world bringing dreams to children.,Original editorial summary,https://en.wikipedia.org/wiki/The_Dream_Coach,,"Original supplied score; believed Goodreads, unverified",Award,,,,,Not yet verified,,,No matching English quiz confirmed in the evidence reviewed. Blank does not mean zero points or that no quiz exists.,,,Searched; not yet verified,Summary checked against cited source,,1925 — Newbery — Honor,
the-dark-frigate--charles-hawes,Newbery,Medal,1924,The Dark Frigate,Charles Hawes,2.5,,,,,,,A boy in seventeenth-century England goes to sea and becomes trapped aboard a vessel taken over by pirates.,Original editorial summary,,,"Original supplied score; believed Goodreads, unverified",Award,,,,,Not yet verified,,,No matching English quiz confirmed in the evidence reviewed. Blank does not mean zero points or that no quiz exists.,,,Searched; not yet verified,Original editorial summary; not independently source-checked,,1924 — Newbery — Medal,
the-voyages-of-doctor-dolittle--hugh-lofting,Newbery,Medal,1923,The Voyages of Doctor Dolittle,Hugh Lofting,2.5,,,5.7,11.0,MG,,This fictional classic presents the story of the good doctor who learned the language of animals and made adventurous voyages.,Source excerpt,https://www.arbookfind.com/bookdetail.aspx?q=93&l=EN,,"Original supplied score; believed Goodreads, unverified",Award,93,https://www.arbookfind.com/bookdetail.aspx?q=93&l=EN,Renaissance,2026-09-28,Source checked,The Voyages of Doctor Dolittle,,,,EN,Previously sourced,Present in supplied CSV,,1923 — Newbery — Medal,
the-story-of-mankind--hendrik-willem-van-loon,Newbery,Medal,1922,The Story of Mankind,Hendrik Willem van Loon,2.5,,,,,,,"An illustrated overview of human history traces civilizations, ideas, conflicts, and discoveries in an accessible narrative shaped by its early twentieth-century perspective.",Original editorial summary,,,"Original supplied score; believed Goodreads, unverified",Award,,,,,Not yet verified,,,No matching English quiz confirmed in the evidence reviewed. Blank does not mean zero points or that no quiz exists.,,,Searched; not yet verified,Original editorial summary; not independently source-checked,,1922 — Newbery — Medal,
the-great-quest--charles-hawes,Newbery,Honor,1922,The Great Quest,Charles Hawes,2.5,,,,,,,A young man joins what appears to be a treasure-seeking voyage and discovers that its organizer is planning a slave-trading expedition.,Original editorial summary,https://en.wikipedia.org/wiki/The_Great_Quest,,"Original supplied score; believed Goodreads, unverified",Award,,,,,Not yet verified,,,No matching English quiz confirmed in the evidence reviewed. Blank does not mean zero points or that no quiz exists.,,,Searched; not yet verified,Summary checked against cited source,,1922 — Newbery — Honor,
cedric-the-forester--bernard-marshall,Newbery,Honor,1922,Cedric the Forester,Bernard Marshall,2.5,,,,,,,A young Norman nobleman and a Saxon companion share adventures in medieval England amid social divisions and political conflict.,Original editorial summary,,,"Original supplied score; believed Goodreads, unverified",Award,,,,,Not yet verified,,,No matching English quiz confirmed in the evidence reviewed. Blank does not mean zero points or that no quiz exists.,,,Searched; not yet verified,Original editorial summary; not independently source-checked,,1922 — Newbery — Honor,
the-old-tobacco-shop--william-bowen,Newbery,Honor,1922,The Old Tobacco Shop,William Bowen,2.0,,,,,,,"A boy's visit to a tobacco shop opens into a fantastic adventure involving pirates, strange journeys, and uncertain boundaries between imagination and reality.",Original editorial summary,,,"Original supplied score; believed Goodreads, unverified",Award,,,,,Not yet verified,,,No matching English quiz confirmed in the evidence reviewed. Blank does not mean zero points or that no quiz exists.,,,Searched; not yet verified,Original editorial summary; not independently source-checked,,1922 — Newbery — Honor,
the-golden-fleece--padraic-colum,Newbery,Honor,1922,The Golden Fleece,Padraic Colum,3.5,,,7.3,13.0,UG,,"Describes the cycle of myths about the Argonauts and the quest for the Golden Fleece, as well as the tales…",Source excerpt,https://www.arbookfind.com/bookdetail.aspx?q=20305&l=EN,,"Original supplied score; believed Goodreads, unverified",Award,20305,https://www.arbookfind.com/bookdetail.aspx?q=20305&l=EN,Renaissance,2026-09-28,Source checked,The Golden Fleece and the Heroes Who Lived Before Achilles,,,,EN,Previously sourced,Present in supplied CSV,,1922 — Newbery — Honor,
the-windy-hill--cornelia-meigs,Newbery,Honor,1922,The Windy Hill,Cornelia Meigs,2.5,,,,,,,A brother and sister learn about their New England family's past through stories told by an elderly beekeeper.,Original editorial summary,https://en.wikipedia.org/wiki/The_Windy_Hill,,"Original supplied score; believed Goodreads, unverified",Award,,,,,Not yet verified,,,No matching English quiz confirmed in the evidence reviewed. Blank does not mean zero points or that no quiz exists.,,,Searched; not yet verified,Summary checked against cited source,,1922 — Newbery — Honor,
faker--gordon-korman,Beehive,Children's Fiction,2026,Faker,Gordon Korman,4.0,,,5.1,8,,,A boy raised in a family of con artists begins questioning their scams when a new town offers him friendships he wants to keep.,Original editorial summary,,,"Original supplied score; believed Goodreads, unverified",Award,551092,https://school.teachingbooks.net/tb.cgi?tid=96373,TeachingBooks,2026-10-06,Source checked,,,,Faker,EN,Matched saved source evidence,Original editorial summary; not independently source-checked,,2026 — Beehive — Children's Fiction,
the-superteacher-project--gordon-korman,Beehive,Children's Fiction,2025,The Superteacher Project,Gordon Korman,4.0,,,5.2,9,,,Students become suspicious of an astonishingly capable new teacher whose unusual behavior points to a secret beyond ordinary classroom life.,Original editorial summary,,,"Original supplied score; believed Goodreads, unverified",Award,,https://www.juniorlibraryguild.com/the-superteacher-project-9780063032798j,Junior Library Guild,2026-10-06,Source checked,Original English novel,,Secondary-source AR metadata; confirm the matching quiz and edition with your school before assigning credit.,The Superteacher Project,EN,Matched source evidence,Original editorial summary; not independently source-checked,,2025 — Beehive — Children's Fiction,
willodeen--katherine-applegate,Beehive,Children's Fiction,2024,Willodeen,Katherine Applegate,4.0,,,4.2,4,MG,,"When the annual migration of hummingbears, a source of local pride and income, dwindles and no one knows why, Willodeen,…",Source excerpt,https://library.wasatchcounty.gov/Record/364808,,"Original supplied score; believed Goodreads, unverified",Award,,https://library.wasatchcounty.gov/Record/364808,Library catalog,2026-09-28,Source checked,Willodeen,,,,EN,Previously sourced,Present in supplied CSV,,2024 — Beehive — Children's Fiction,
glitch--laura-martin,Beehive,Children's Fiction,2023,Glitch,Laura Martin,3.5,,,6.3,13,,,Two young time travelers must overcome their rivalry when a warning from the future sends them into a dangerous mission.,Original editorial summary,,,"Original supplied score; believed Goodreads, unverified",Award,511352,https://school.teachingbooks.net/tb.cgi?tid=72837,TeachingBooks,2026-10-06,Source checked,,,,Glitch,EN,Matched saved source evidence,Original editorial summary; not independently source-checked,,2023 — Beehive — Children's Fiction,
the-great-pet-heist--emily-ecton,Beehive,Children's Fiction,2022,The Great Pet Heist,Emily Ecton,4.0,,,3.8,6,,,"Household pets worried about losing their home devise an ambitious heist, relying on each animal's particular talents.",Original editorial summary,,,"Original supplied score; believed Goodreads, unverified",Award,510531,https://school.teachingbooks.net/tb.cgi?tid=68783,TeachingBooks,2026-10-06,Source checked,,,,The Great Pet Heist,EN,Matched saved source evidence,Original editorial summary; not independently source-checked,,2022 — Beehive — Children's Fiction,
a-wolf-called-wander--rosanne-parry,Beehive,Children's Fiction,2021,A Wolf Called Wander,Rosanne Parry,4.0,,,4.3,4,MG,,"Separated from his pack, a young wolf travels across the Pacific Northwest in search of territory and companions.",Original editorial summary,,,"Original supplied score; believed Goodreads, unverified",Award,501507,https://bookroo.com/books/a-wolf-called-wander,Bookroo,2026-10-06,Source checked,,,Secondary-source AR metadata; check the quiz and edition before assigning school credit.,A Wolf Called Wander,EN,Matched saved source evidence,Original editorial summary; not independently source-checked,,2021 — Beehive — Children's Fiction,
insignificant-events-in-the-life-of-a-cactus--dusti-bowling,Beehive,Children's Fiction,2020,Insignificant Events in the Life of a Cactus,Dusti Bowling,4.5,,,4.6,7,,,"A girl born without arms moves to an Arizona theme park, makes new friends, and helps investigate a mystery tied to its past.",Original editorial summary,,,"Original supplied score; believed Goodreads, unverified",Award,190934,https://school.teachingbooks.net/tb.cgi?tid=55112,TeachingBooks,2026-10-06,Source checked,,,,Insignificant Events in the Life of a Cactus,EN,Matched saved source evidence,Original editorial summary; not independently source-checked,,2020 — Beehive — Children's Fiction,
restart--gordon-korman,Beehive,Children's Fiction,2019,Restart,Gordon Korman,4.5,,,5.1,9.0,MG,,Chase Ambrose forgets everything after falling off a roof and losing consciousness. He forgets his name & his parents. He…,Source excerpt,https://www.arbookfind.com/bookdetail.aspx?q=188396&l=EN,,"Original supplied score; believed Goodreads, unverified",Award,188396,https://www.arbookfind.com/bookdetail.aspx?q=188396&l=EN,Renaissance,2026-09-28,Source checked,Restart,,,,EN,Previously sourced,Present in supplied CSV,,2019 — Beehive — Children's Fiction,
some-kind-of-courage--dan-gemeinhart,Beehive,Children's Fiction,2018,Some Kind of Courage,Dan Gemeinhart,4.0,,,4.8,8,,,A boy in the American West sets out to recover his stolen horse and forms an unlikely partnership along the way.,Original editorial summary,,,"Original supplied score; believed Goodreads, unverified",Award,179853,https://school.teachingbooks.net/tb.cgi?tid=49249,TeachingBooks,2026-10-06,Source checked,,,,Some Kind of Courage,EN,Matched saved source evidence,Original editorial summary; not independently source-checked,,2018 — Beehive — Children's Fiction,
i-survived-hurricane-katrina-2005--lauren-tarshis,Beehive,Children's Fiction,2015,"I Survived Hurricane Katrina, 2005",Lauren Tarshis,3.5,7 to 10,,4.0,2.0,MG,,"The horror of Hurricane Katrina is brought vividly to life in this fictional account of a boy, a dog, and…",Source excerpt,https://www.arbookfind.com/bookdetail.aspx?q=143177&l=EN,,"Original supplied score; believed Goodreads, unverified",Award,143177,https://www.arbookfind.com/bookdetail.aspx?q=143177&l=EN,Renaissance,2026-09-28,Source checked,"I Survived: Hurricane Katrina, 2005",,,,EN,Previously sourced,Present in supplied CSV,,2015 — Beehive — Children's Fiction,
wonder--r-j-palacio,Beehive,Children's Fiction,2014,Wonder,R.J. Palacio,4.5,,,4.8,11.0,MG,,"Ten-year-old Auggie, born with extreme facial abnormalities, goes from being homeschooled to entering fifth grade at a private middle school,…",Source excerpt,https://www.arbookfind.com/bookdetail.aspx?q=149900&l=EN,,"Original supplied score; believed Goodreads, unverified",Award,149900,https://www.arbookfind.com/bookdetail.aspx?q=149900&l=EN,Renaissance,2026-09-28,Source checked,Wonder,,,,EN,Previously sourced,Present in supplied CSV,,2014 — Beehive — Children's Fiction,
lulu-and-the-brontosaurus--judith-viorst,Beehive,Children's Fiction,2013,Lulu and the Brontosaurus,Judith Viorst,3.5,6 to 9,,4.8,1.0,LG,,"Lulu's parents refuse to give in when she demands a brontosaurus for her birthday, so she sets out to find…",Source excerpt,https://www.arbookfind.com/bookdetail.aspx?q=139116&l=EN,,"Original supplied score; believed Goodreads, unverified",Award,139116,https://www.arbookfind.com/bookdetail.aspx?q=139116&l=EN,Renaissance,2026-09-28,Source checked,Lulu and the Brontosaurus,,,,EN,Previously sourced,Present in supplied CSV,,2013 — Beehive — Children's Fiction,
out-of-my-mind--sharon-m-draper,Beehive,Children's Fiction,2012,Out of My Mind,Sharon M. Draper,4.5,,,4.3,8.0,MG,,"Melody cannot walk or talk, but refuses to be defined by cerebral palsy. She is smarter than most of the…",Source excerpt,https://www.arbookfind.com/bookdetail.aspx?q=136421&l=EN,,"Original supplied score; believed Goodreads, unverified",Award,136421,https://www.arbookfind.com/bookdetail.aspx?q=136421&l=EN,Renaissance,2026-09-28,Source checked,Out of My Mind,,,,EN,Previously sourced,Present in supplied CSV,,2012 — Beehive — Children's Fiction,
the-magic-thief--sarah-prineas,Beehive,Children's Fiction,2010,The Magic Thief,Sarah Prineas,4.0,,,4.5,9.0,MG,,A young thief is drawn into a life of magic and adventure after picking the pocket of the powerful wizard…,Source excerpt,https://www.arbookfind.com/bookdetail.aspx?q=123126&l=EN,,"Original supplied score; believed Goodreads, unverified",Award,123126,https://www.arbookfind.com/bookdetail.aspx?q=123126&l=EN,Renaissance,2026-09-28,Source checked,The Magic Thief,,,,EN,Previously sourced,Present in supplied CSV,,2010 — Beehive — Children's Fiction,
the-candy-shop-war--brandon-mull,Beehive,Children's Fiction,2009,The Candy Shop War,Brandon Mull,4.0,,,5,14,MG,,"When fifth-graders Nate, Summer, Trevor, and Pigeon meet the new candy store owner Mrs. White, she gives them magical candy…",Source excerpt,https://search.pentictonlibrary.ca/Record/106284,,"Original supplied score; believed Goodreads, unverified",Award,,https://search.pentictonlibrary.ca/Record/106284,Library catalog,2026-09-28,Source checked,The candy shop war,,,,EN,Previously sourced,Present in supplied CSV,,2009 — Beehive — Children's Fiction,
the-miraculous-journey-of-edward-tulane--kate-dicamillo,Beehive,Children's Fiction,2008,The Miraculous Journey of Edward Tulane,Kate DiCamillo,4.5,,,4.4,2.0,MG,,"Edward Tulane, a proud toy rabbit, loves only himself until he is separated from the girl who adores him. He…",Source excerpt,https://www.arbookfind.com/bookdetail.aspx?q=102971&l=EN,,"Original supplied score; believed Goodreads, unverified",Award,102971,https://www.arbookfind.com/bookdetail.aspx?q=102971&l=EN,Renaissance,2026-09-28,Source checked,The Miraculous Journey of Edward Tulane,,,,EN,Previously sourced,Present in supplied CSV,,2008 — Beehive — Children's Fiction,
dragon-rider--cornelia-funke,Beehive,Children's Fiction,2006,Dragon Rider,Cornelia Funke,4.0,,,4.9,16.0,MG,,"After learning that humans are headed toward his home, Firedrake, a silver dragon, a brownie and an orphan boy encounter…",Source excerpt,https://www.arbookfind.com/bookdetail.aspx?q=82162&l=EN,,"Original supplied score; believed Goodreads, unverified",Award,82162,https://www.arbookfind.com/bookdetail.aspx?q=82162&l=EN,Renaissance,2026-09-28,Source checked,Dragon Rider,,,,EN,Previously sourced,Present in supplied CSV,,2006 — Beehive — Children's Fiction,
the-city-of-ember--jeanne-duprau,Beehive,Children's Fiction,2005,The City of Ember,Jeanne DuPrau,4.5,,,5.0,9.0,MG,,"In the year 241, twelve-year-old Lina trades jobs on Assignment Day to be a messenger, to run to new places…",Source excerpt,https://www.arbookfind.com/bookdetail.aspx?q=69274&l=EN,,"Original supplied score; believed Goodreads, unverified",Award,69274,https://www.arbookfind.com/bookdetail.aspx?q=69274&l=EN,Renaissance,2026-09-28,Source checked,The City of Ember,,,,EN,Previously sourced,Present in supplied CSV,,2005 — Beehive — Children's Fiction,
ruby-holler--sharon-creech,Beehive,Children's Fiction,2004,Ruby Holler,Sharon Creech,4.0,,,4.3,6.0,MG,,"Thirteen-year-old fraternal twins Dallas and Florida have grown up in a terrible orphanage, but their lives change forever when an…",Source excerpt,https://www.arbookfind.com/bookdetail.aspx?q=58208&l=EN,,"Original supplied score; believed Goodreads, unverified",Award,58208,https://www.arbookfind.com/bookdetail.aspx?q=58208&l=EN,Renaissance,2026-09-28,Source checked,Ruby Holler,,,,EN,Previously sourced,Present in supplied CSV,,2004 — Beehive — Children's Fiction,
the-two-princesses-of-bamarre--gail-carson-levine,Beehive,Children's Fiction,2003,The Two Princesses of Bamarre,Gail Carson Levine,4.0,,,4.5,8.0,MG,,"With her adventurous sister, Meryl, suffering from Gray Death, meek and timid Princess Addie sets out to find a cure.",Source excerpt,https://www.arbookfind.com/bookdetail.aspx?q=47670&l=EN,,"Original supplied score; believed Goodreads, unverified",Award,47670,https://www.arbookfind.com/bookdetail.aspx?q=47670&l=EN,Renaissance,2026-09-28,Source checked,The Two Princesses of Bamarre,,,,EN,Previously sourced,Present in supplied CSV,,2003 — Beehive — Children's Fiction,
midnight-magic--avi,Beehive,Children's Fiction,2002,Midnight Magic,Avi,3.5,,,4.7,6,,,"Reintroducing a magical, bestselling medieval mystery from a Newbery-winning author!…",Source excerpt,https://school.teachingbooks.net/ql7ammi,,"Original supplied score; believed Goodreads, unverified",Award,34516,https://school.teachingbooks.net/ql7ammi,TeachingBooks,2026-09-28,Source checked,Midnight Magic,,,,EN,Previously sourced,Present in supplied CSV,,2002 — Beehive — Children's Fiction,
the-secret-of-platform-13--eva-ibbotson,Beehive,Children's Fiction,2001,The Secret of Platform 13,Eva Ibbotson,4.0,,,5.8,7.0,MG,,Odge and an old wizard travel through a magical tunnel from their island to London to rescue the son of…,Source excerpt,https://www.arbookfind.com/bookdetail.aspx?q=21572&l=EN,,"Original supplied score; believed Goodreads, unverified",Award,21572,https://www.arbookfind.com/bookdetail.aspx?q=21572&l=EN,Renaissance,2026-09-28,Source checked,The Secret of Platform 13,,,,EN,Previously sourced,Present in supplied CSV,,2001 — Beehive — Children's Fiction,
frindle--andrew-clements,Beehive,Children's Fiction,2000,Frindle,Andrew Clements,4.5,,,5.4,2.0,MG,,"When Nick Allen decides to turn his fifth-grade teacher's love of the dictionary around on her, he cleverly invents a…",Source excerpt,https://www.arbookfind.com/bookdetail.aspx?q=16637&l=EN,,"Original supplied score; believed Goodreads, unverified",Award,16637,https://www.arbookfind.com/bookdetail.aspx?q=16637&l=EN,Renaissance,2026-09-28,Source checked,Frindle,,,,EN,Previously sourced,Present in supplied CSV,,2000 — Beehive — Children's Fiction,
earthquake-terror--peg-kehret,Beehive,Children's Fiction,1999,Earthquake Terror,Peg Kehret,3.5,,,4.6,4.0,MG,,"When an earthquake hits the isolated island in northern California where his family had been camping, Jonathan must find a…",Source excerpt,https://www.arbookfind.com/bookdetail.aspx?q=13756&l=EN,,"Original supplied score; believed Goodreads, unverified",Award,13756,https://www.arbookfind.com/bookdetail.aspx?q=13756&l=EN,Renaissance,2026-09-28,Source checked,Earthquake Terror,,,,EN,Previously sourced,Present in supplied CSV,,1999 — Beehive — Children's Fiction,
someone-was-watching--david-patneaude,Beehive,Children's Fiction,1998,Someone Was Watching,David Patneaude,3.0,,,4.5,6,,,14 Total Resources Book Resume View Text Complexity Discover Like Books,Source excerpt,https://school.teachingbooks.net/tb.cgi?tid=46342,,"Original supplied score; believed Goodreads, unverified",Award,10252,https://school.teachingbooks.net/tb.cgi?tid=46342,TeachingBooks,2026-09-28,Source checked,Someone Was Watching,,,,EN,Previously sourced,Present in supplied CSV,,1998 — Beehive — Children's Fiction,
watchdog-and-the-coyotes--bill-wallace,Beehive,Children's Fiction,1997,Watchdog and the Coyotes,Bill Wallace,3.0,,,,,,,A watchdog faces danger from coyotes while protecting the animals and home in his care.,Original editorial summary,,,"Original supplied score; believed Goodreads, unverified",Award,,,,,Not yet verified,,,No matching English quiz confirmed in the evidence reviewed. Blank does not mean zero points or that no quiz exists.,,,Searched; not yet verified,Original editorial summary; not independently source-checked,,1997 — Beehive — Children's Fiction,
time-for-andrew--mary-downing-hahn,Beehive,Children's Fiction,1996,Time for Andrew,Mary Downing Hahn,3.5,,,4.5,6.0,MG,,"When Drew goes to spend the summer with his great-aunt in the family's old house, he is drawn 80 years…",Source excerpt,https://www.arbookfind.com/bookdetail.aspx?q=10206&l=EN,,"Original supplied score; believed Goodreads, unverified",Award,10206,https://www.arbookfind.com/bookdetail.aspx?q=10206&l=EN,Renaissance,2026-09-28,Source checked,Time for Andrew: A Ghost Story,,,,EN,Previously sourced,Present in supplied CSV,,1996 — Beehive — Children's Fiction,
the-ghosts-of-mercy-manor--betty-ren-wright,Beehive,Children's Fiction,1995,The Ghosts of Mercy Manor,Betty Ren Wright,3.0,,,,,,,A girl sent to live with relatives encounters a troubled ghost and investigates the secrets surrounding an old house.,Original editorial summary,,,"Original supplied score; believed Goodreads, unverified",Award,,,,,Not yet verified,,,No matching English quiz confirmed in the evidence reviewed. Blank does not mean zero points or that no quiz exists.,,,Searched; not yet verified,Original editorial summary; not independently source-checked,,1995 — Beehive — Children's Fiction,
jeremy-thatcher-dragon-hatcher--bruce-coville,Beehive,Children's Fiction,1994,"Jeremy Thatcher, Dragon Hatcher",Bruce Coville,4.0,,,4.9,4.0,MG,,"Small for his age but artistically talented, twelve-year-old Jeremy Thatcher unknowingly buys a dragon's egg.",Source excerpt,https://www.arbookfind.com/bookdetail.aspx?q=5918&l=EN,,"Original supplied score; believed Goodreads, unverified",Award,5918,https://www.arbookfind.com/bookdetail.aspx?q=5918&l=EN,Renaissance,2026-09-28,Source checked,"Jeremy Thatcher, Dragon Hatcher",,,,EN,Previously sourced,Present in supplied CSV,,1994 — Beehive — Children's Fiction,
the-dead-man-in-indian-creek--mary-downing-hahn,Beehive,Children's Fiction,1993,The Dead Man in Indian Creek,Mary Downing Hahn,3.5,,,4.9,4,,,Two boys discover a body near a creek and become involved in a dangerous mystery that reaches into their own community.,Original editorial summary,,,"Original supplied score; believed Goodreads, unverified",Award,5410,https://school.teachingbooks.net/tb.cgi?tid=28292,TeachingBooks,2026-10-06,Source checked,,,,The Dead Man in Indian Creek,EN,Matched saved source evidence,Original editorial summary; not independently source-checked,,1993 — Beehive — Children's Fiction,
there-s-a-boy-in-the-girls-bathroom--louis-sachar,Beehive,Children's Fiction,1992,There's a Boy in the Girls' Bathroom,Louis Sachar,4.5,,,3.4,5.0,MG,,"An eleven-year-old misfit learns to believe in himself when he gets to know the new school counselor, who is also…",Source excerpt,https://www.arbookfind.com/bookdetail.aspx?q=349&l=EN,,"Original supplied score; believed Goodreads, unverified",Award,349,https://www.arbookfind.com/bookdetail.aspx?q=349&l=EN,Renaissance,2026-09-28,Source checked,There's a Boy in the Girls' Bathroom,,,,EN,Previously sourced,Present in supplied CSV,,1992 — Beehive — Children's Fiction,
matilda--roald-dahl,Beehive,Children's Fiction,1991,Matilda,Roald Dahl,5.0,,,5.0,6.0,MG,,"Matilda applies her untapped mental powers to rid Crunchem Hall of headmistress Miss Trunchbull, and to restore Miss Honey to…",Source excerpt,https://www.arbookfind.com/bookdetail.aspx?q=5429&l=EN,,"Original supplied score; believed Goodreads, unverified",Award,5429,https://www.arbookfind.com/bookdetail.aspx?q=5429&l=EN,Renaissance,2026-09-28,Source checked,Matilda (English),,,,EN,Previously sourced,Present in supplied CSV,,1991 — Beehive — Children's Fiction,
this-island-isn-t-big-enough-for-the-four-of-us--gery-greer-and-bob-ruddick,Beehive,Children's Fiction,1990,This Island Isn't Big Enough for the Four of Us!,Gery Greer and Bob Ruddick,3.0,,,,,,,Two boys hoping for an adventurous island camping trip find their plans disrupted when two girls arrive with plans of their own.,Original editorial summary,,,"Original supplied score; believed Goodreads, unverified",Award,,,,,Not yet verified,,,No matching English quiz confirmed in the evidence reviewed. Blank does not mean zero points or that no quiz exists.,,,Searched; not yet verified,Original editorial summary; not independently source-checked,,1990 — Beehive — Children's Fiction,
trapped-in-death-cave--bill-wallace,Beehive,Children's Fiction,1989,Trapped in Death Cave,Bill Wallace,3.0,,,4.2,5,,,"Two friends pursue a mystery surrounding a death and a dangerous cave, discovering that their investigation could put their own lives at risk.",Original editorial summary,,,"Original supplied score; believed Goodreads, unverified",Award,5091,https://school.teachingbooks.net/tb.cgi?tid=11940,TeachingBooks,2026-10-06,Source checked,,,,Trapped in Death Cave,EN,Matched saved source evidence,Original editorial summary; not independently source-checked,,1989 — Beehive — Children's Fiction,
wait-till-helen-comes--mary-downing-hahn,Beehive,Children's Fiction,1988,Wait Till Helen Comes,Mary Downing Hahn,4.0,,,4.6,5,MG,,A girl fears for her younger stepsister after the child befriends a ghost whose promises conceal a deadly threat.,Original editorial summary,,,"Original supplied score; believed Goodreads, unverified",Award,,https://bookroo.com/books/wait-till-helen-comes,Bookroo,2026-10-06,Source checked,,,Secondary-source AR metadata; check the quiz and edition before assigning school credit.,Wait Till Helen Comes,EN,Matched saved source evidence,Original editorial summary; not independently source-checked,,1988 — Beehive — Children's Fiction,
skinnybones--barbara-park,Beehive,Children's Fiction,1987,Skinnybones,Barbara Park,3.5,,,4.1,3.0,MG,,Life looks hopeless when Alex's losing team has to play baseball against T.J.'s winning team. But Alex has a hidden…,Source excerpt,https://www.arbookfind.com/bookdetail.aspx?q=342&l=EN,,"Original supplied score; believed Goodreads, unverified",Award,342,https://www.arbookfind.com/bookdetail.aspx?q=342&l=EN,Renaissance,2026-09-28,Source checked,Skinnybones,,,,EN,Previously sourced,Present in supplied CSV,,1987 — Beehive — Children's Fiction,
me-and-the-weirdos--jane-sutton,Beehive,Children's Fiction,1986,Me and the Weirdos,Jane Sutton,3.0,,,,,,,"A girl embarrassed by her unconventional family tries to make them behave more normally, with comic and revealing consequences.",Original editorial summary,,,"Original supplied score; believed Goodreads, unverified",Award,,,,,Not yet verified,,,No matching English quiz confirmed in the evidence reviewed. Blank does not mean zero points or that no quiz exists.,,,Searched; not yet verified,Original editorial summary; not independently source-checked,,1986 — Beehive — Children's Fiction,
stone-fox--john-reynolds-gardiner,Beehive,Children's Fiction,1985,Stone Fox,John Reynolds Gardiner,4.0,7 to 10,,4.0,1.0,MG,,Little Willy hopes to pay the back taxes on his grandfather's farm with the purse from a dogsled race he…,Source excerpt,https://www.arbookfind.com/bookdetail.aspx?q=293&l=EN,,"Original supplied score; believed Goodreads, unverified",Award,293,https://www.arbookfind.com/bookdetail.aspx?q=293&l=EN,Renaissance,2026-09-28,Source checked,Stone Fox,,,,EN,Previously sourced,Present in supplied CSV,,1985 — Beehive — Children's Fiction,
lost-in-the-devil-s-desert--gloria-skurzynski,Beehive,Children's Fiction,1984,Lost in the Devil's Desert,Gloria Skurzynski,3.0,,,,,,,"A boy stranded in a desert must use observation and ingenuity to survive the heat, thirst, and isolation.",Original editorial summary,,,"Original supplied score; believed Goodreads, unverified",Award,,,,,Not yet verified,,,No matching English quiz confirmed in the evidence reviewed. Blank does not mean zero points or that no quiz exists.,,,Searched; not yet verified,Original editorial summary; not independently source-checked,,1984 — Beehive — Children's Fiction,
the-chocolate-touch--patrick-skene-catling,Beehive,Children's Fiction,1983,The Chocolate Touch,Patrick Skene Catling,3.5,7 to 10,,4.7,2.0,MG,,"Instead of gold, everything John Midas touched turned to precious chocolate.",Source excerpt,https://www.arbookfind.com/bookdetail.aspx?q=256&l=EN,,"Original supplied score; believed Goodreads, unverified",Award,256,https://www.arbookfind.com/bookdetail.aspx?q=256&l=EN,Renaissance,2026-09-28,Source checked,The Chocolate Touch,,,,EN,Previously sourced,Present in supplied CSV,,1983 — Beehive — Children's Fiction,
superfudge--judy-blume,Beehive,Children's Fiction,1982,Superfudge,Judy Blume,4.5,7 to 10,,3.4,4.0,MG,,"In this sequel to TALES OF A FOURTH GRADE NOTHING, twelve-year-old Peter relates his life with his troublesome little brother,…",Source excerpt,https://www.arbookfind.com/bookdetail.aspx?q=443&l=EN,,"Original supplied score; believed Goodreads, unverified",Award,443,https://www.arbookfind.com/bookdetail.aspx?q=443&l=EN,Renaissance,2026-09-28,Source checked,Superfudge (English),,,,EN,Previously sourced,Present in supplied CSV,,1982 — Beehive — Children's Fiction,
eddie-s-menagerie--carolyn-haywood,Beehive,Children's Fiction,1981,Eddie's Menagerie,Carolyn Haywood,3.0,6 to 9,,,,,,Eddie's enthusiasm for animals leads to a succession of pet-related adventures and complications for the people around him.,Original editorial summary,,,"Original supplied score; believed Goodreads, unverified",Award,,,,,Not yet verified,,,No matching English quiz confirmed in the evidence reviewed. Blank does not mean zero points or that no quiz exists.,,,Searched; not yet verified,Original editorial summary; not independently source-checked,,1981 — Beehive — Children's Fiction,
duck-and-moose-duck-moves-in--kirk-reedstrom,Beehive,Graphic Novel,2026,Duck and Moose: Duck Moves In!,Kirk Reedstrom,3.5,5 to 8,,,,,,"An exuberant duck moves into a quiet moose's neighborhood, creating an unlikely friendship through comic clashes in temperament.",Original editorial summary,,,"Original supplied score; believed Goodreads, unverified",Award,,,,,Not yet verified,,,No matching English quiz confirmed in the evidence reviewed. Blank does not mean zero points or that no quiz exists.,,,Searched; not yet verified,Original editorial summary; not independently source-checked,,2026 — Beehive — Graphic Novel,
frizzy--claribel-a-ortega,Beehive,Graphic Novel,2025,Frizzy,Claribel A. Ortega,4.0,,,3,1,,,A girl who is pressured to straighten her curly hair learns to question narrow beauty standards and embrace her natural appearance.,Original editorial summary,,,"Original supplied score; believed Goodreads, unverified",Award,517650,https://school.teachingbooks.net/tb.cgi/tb.cgi?tid=84555,TeachingBooks,2026-10-06,Source checked,,,,Frizzy,EN,Matched saved source evidence,Original editorial summary; not independently source-checked,,2025 — Beehive — Graphic Novel,
garlic-and-the-vampire--bree-paulsen,Beehive,Graphic Novel,2024,Garlic and the Vampire,Bree Paulsen,4.0,,,,,,,"A nervous garlic gardener is persuaded to confront a nearby vampire, discovering that courage and appearances can be misleading.",Original editorial summary,,,"Original supplied score; believed Goodreads, unverified",Award,,,,,Not yet verified,,,No matching English quiz confirmed in the evidence reviewed. Blank does not mean zero points or that no quiz exists.,,,Searched; not yet verified,Original editorial summary; not independently source-checked,,2024 — Beehive — Graphic Novel,
chunky--yehudi-mercado,Beehive,Graphic Novel,2023,Chunky,Yehudi Mercado,4.0,,,2.8,1,,,"A graphic memoir follows a Mexican Jewish boy navigating sports, body expectations, family life, and his growing interest in comedy.",Original editorial summary,,,"Original supplied score; believed Goodreads, unverified",Award,514560,https://school.teachingbooks.net/tb.cgi?tid=80258,TeachingBooks,2026-10-06,Source checked,,,,Chunky,EN,Matched saved source evidence,Original editorial summary; not independently source-checked,,2023 — Beehive — Graphic Novel,
pea-bee-jay-stuck-together--brian-smitty-smith,Beehive,Graphic Novel,2022,"Pea, Bee, & Jay: Stuck Together",Brian “Smitty” Smith,3.5,5 to 8,,2.2,0.5,LG,,A pea blown away from home teams up with a bee and a blue jay whose differences make their journey unexpectedly complicated.,Original editorial summary,,,"Original supplied score; believed Goodreads, unverified",Award,510325,https://bookroo.com/books/stuck-together,Bookroo,2026-10-06,Source checked,Matched title variant: Stuck Together,,Secondary-source AR metadata; check the quiz and edition before assigning school credit.,Stuck Together,EN,Matched saved source evidence,Original editorial summary; not independently source-checked,,2022 — Beehive — Graphic Novel,
the-cardboard-kingdom--chad-sell,Beehive,Graphic Novel,2021,The Cardboard Kingdom,Chad Sell,4.0,,,2.4,1,,,# The Cardboard Kingdom,Source excerpt,https://school.teachingbooks.net/tb.cgi?tid=59444,,"Original supplied score; believed Goodreads, unverified",Award,195539,https://school.teachingbooks.net/tb.cgi?tid=59444,TeachingBooks,2026-09-28,Source checked,The Cardboard Kingdom,,,,EN,Previously sourced,Present in supplied CSV,,2021 — Beehive — Graphic Novel,
mr-wolf-s-class--aron-nels-steinke,Beehive,Graphic Novel,2020,Mr. Wolf's Class,Aron Nels Steinke,3.5,7 to 10,,2.1,0.5,LG,,"A class of young animals starts a new school year, navigating friendships, misunderstandings, and small classroom adventures.",Original editorial summary,,,"Original supplied score; believed Goodreads, unverified",Award,,https://teton.wyldcatalog.org/OverDrive/de4ebed7-4353-4dd8-be79-213461590cd3/Home,Library catalog,2026-09-28,Source checked,Mr. Wolf's Class,,,,EN,Previously sourced,Original editorial summary; not independently source-checked,,2020 — Beehive — Graphic Novel,
real-friends--shannon-hale,Beehive,Graphic Novel,2019,Real Friends,Shannon Hale,4.5,,,2.6,1,,,A graphic memoir follows Shannon through the shifting loyalties and exclusions of elementary-school friendships as she searches for people she can trust.,Original editorial summary,,,"Original supplied score; believed Goodreads, unverified",Award,189200,https://school.teachingbooks.net/tb.cgi?tid=55068,TeachingBooks,2026-10-06,Source checked,,,,Real Friends,EN,Matched saved source evidence,Original editorial summary; not independently source-checked,,2019 — Beehive — Graphic Novel,
ghosts--raina-telgemeier,Beehive,Graphic Novel,2018,Ghosts,Raina Telgemeier,4.0,,,2.6,1.0,MG,,"Catrina and her family have moved to the coast of northern California for the sake of her little sister, Maya,…",Source excerpt,https://www.arbookfind.com/bookdetail.aspx?q=184470&l=EN,,"Original supplied score; believed Goodreads, unverified",Award,184470,https://www.arbookfind.com/bookdetail.aspx?q=184470&l=EN,Renaissance,2026-09-28,Source checked,Ghosts,,,,EN,Previously sourced,Present in supplied CSV,,2018 — Beehive — Graphic Novel,
dungeons-and-drama--kristy-boyce,Beehive,Young Adult,2026,Dungeons and Drama,Kristy Boyce,3.5,,,4.7,11,,,A theater-loving teenager working in her father's game store strikes a fake-dating bargain with a coworker and becomes involved in his role-playing group.,Original editorial summary,,,"Original supplied score; believed Goodreads, unverified",Award,557637,https://library.teachingbooks.net/tb.cgi?a=1&tid=94461,TeachingBooks,2026-10-06,Source checked,Original English novel,,Secondary-source AR metadata; confirm the matching quiz and edition with your school before assigning credit.,Dungeons and Drama,EN,Matched source evidence,Original editorial summary; not independently source-checked,,2026 — Beehive — Young Adult,
the-isles-of-the-gods--amie-kaufman,Beehive,Young Adult,2025,The Isles of the Gods,Amie Kaufman,4.0,,,,,,,"A sailor with untamed magic joins a dangerous voyage involving a prince, rival powers, and a conflict that could awaken sleeping gods.",Original editorial summary,,,"Original supplied score; believed Goodreads, unverified",Award,,,,,Not yet verified,,,No matching English quiz confirmed in the evidence reviewed. Blank does not mean zero points or that no quiz exists.,,,Searched; not yet verified,Original editorial summary; not independently source-checked,,2025 — Beehive — Young Adult,
the-fort--gordon-korman,Beehive,Young Adult,2024,The Fort,Gordon Korman,4.0,11+,,5,9,,,"Five boys discover an abandoned underground shelter and make it their refuge, but the secrets they bring there threaten their friendship.",Original editorial summary,,,"Original supplied score; believed Goodreads, unverified",Award,516061,https://school.teachingbooks.net/tb.cgi?tid=82407,TeachingBooks,2026-10-06,Source checked,,,,The Fort,EN,Matched saved source evidence,Original editorial summary; not independently source-checked,,2024 — Beehive — Young Adult,
ground-zero--alan-gratz,Beehive,Young Adult,2023,Ground Zero,Alan Gratz,4.0,12+,Violence of 9/11 and the war in Afghanistan,4.8,9,,,Parallel narratives follow a boy caught in the September 11 attacks and an Afghan girl facing the consequences of war years later.,Original editorial summary,,,"Original supplied score; believed Goodreads, unverified",Award,510304,https://school.teachingbooks.net/tb.cgi?tid=74479,TeachingBooks,2026-10-06,Source checked,,,,Ground Zero,EN,Matched saved source evidence,Original editorial summary; not independently source-checked,,2023 — Beehive — Young Adult,
a-good-girl-s-guide-to-murder--holly-jackson,Beehive,Young Adult,2022,A Good Girl's Guide to Murder,Holly Jackson,4.0,14+,Murder mystery with drug use and a sexual assault subplot,5.4,16,UG,,"As her senior capstone project, Pippa Fitz-Amobi is determined to find the real killer in a closed, local murder case,…",Source excerpt,https://catalog.slolibrary.org/Record/123348,,"Original supplied score; believed Goodreads, unverified",Award,,https://catalog.slolibrary.org/Record/123348,Library catalog,2026-09-28,Source checked,A good girl's guide to murder,,,,EN,Previously sourced,Present in supplied CSV,,2022 — Beehive — Young Adult,
skyward--brandon-sanderson,Beehive,Young Adult,2021,Skyward,Brandon Sanderson,4.5,12+,,5.1,21,UG,,A determined young woman trains to become a starfighter pilot while investigating the disgrace attached to her father and the mysteries surrounding her world.,Original editorial summary,,,"Original supplied score; believed Goodreads, unverified",Award,199585,https://www.teachingbooks.net/tb.cgi?tid=61309,TeachingBooks,2026-10-06,Source checked,"Skyward, book 1; not the companion novella collection",,Secondary-source AR metadata; confirm the matching quiz and edition with your school before assigning credit.,Skyward,EN,Matched source evidence,Original editorial summary; not independently source-checked,,2021 — Beehive — Young Adult,
not-if-i-save-you-first--ally-carter,Beehive,Young Adult,2020,Not If I Save You First,Ally Carter,3.5,,,4.7,10,MG+,,An estranged friend's visit to a remote Alaskan home becomes a survival crisis when an attacker forces two teenagers into the wilderness.,Original editorial summary,,,"Original supplied score; believed Goodreads, unverified",Award,,https://library.wasatchcounty.gov/OverDrive/e864c6f7-de52-418d-9883-0b70bdb3be38/Home,Library catalog,2026-09-28,Source checked,Not If I Save You First,,,,EN,Previously sourced,Original editorial summary; not independently source-checked,,2020 — Beehive — Young Adult,
letters-to-the-lost--brigid-kemmerer,Beehive,Young Adult,2019,Letters to the Lost,Brigid Kemmerer,4.0,14+,Grief and strong language,,,,,Two grieving teenagers begin an anonymous correspondence that allows them to share feelings they struggle to express in their everyday lives.,Original editorial summary,,,"Original supplied score; believed Goodreads, unverified",Award,,,,,Not yet verified,,,No matching English quiz confirmed in the evidence reviewed. Blank does not mean zero points or that no quiz exists.,,,Searched; not yet verified,Original editorial summary; not independently source-checked,,2019 — Beehive — Young Adult,
booked--kwame-alexander,Beehive,Young Adult,2018,Booked,Kwame Alexander,4.0,10+,,3.9,3,MG,,"A soccer-loving boy navigates family upheaval, bullying, friendship, and first romance in a novel told through verse.",Original editorial summary,,,"Original supplied score; believed Goodreads, unverified",Award,,https://catalog.prospertx.gov/Record/10321,Library catalog,2026-10-06,Source checked,Novel in verse; not the graphic adaptation,,Secondary-source AR metadata; confirm the matching quiz and edition with your school before assigning credit.,Booked,EN,Matched source evidence,Original editorial summary; not independently source-checked,,2018 — Beehive — Young Adult,
a-night-divided--jennifer-a-nielsen,Beehive,Young Adult,2017,A Night Divided,Jennifer A. Nielsen,4.0,,,5.4,11,MG,,"When the Berlin Wall went up, Gerta, her mother, and her brother Fritz are trapped on the eastern side where…",Source excerpt,https://search.westlakelibrary.org/Record/54062,,"Original supplied score; believed Goodreads, unverified",Award,,https://search.westlakelibrary.org/Record/54062,Library catalog,2026-09-28,Source checked,A night divided,,,,EN,Previously sourced,Present in supplied CSV,,2017 — Beehive — Young Adult,
tesla-s-attic--neal-shusterman-and-eric-elfman,Beehive,Young Adult,2016,Tesla's Attic,Neal Shusterman and Eric Elfman,3.5,,,6.0,11,MG,,"After moving into an inherited house, a boy sells strange objects from its attic and discovers that they are inventions with extraordinary powers.",Original editorial summary,,,"Original supplied score; believed Goodreads, unverified",Award,164043,https://www.richlandlibrary.com/catalog/detail/1570512?destIdentifier=10281963&srcIdentifier=10690302,Library catalog,2026-10-06,Source checked,"Tesla's Attic, by Neal Shusterman and Eric Elfman",,Secondary-source AR metadata; confirm the matching quiz and edition with your school before assigning credit.,Tesla's Attic,EN,Matched source evidence,Original editorial summary; not independently source-checked,,2016 — Beehive — Young Adult,
guitar-notes--mary-amato,Beehive,Young Adult,2015,Guitar Notes,Mary Amato,3.5,,,4,6,MG+,,"Two students sharing a music practice room begin exchanging notes, forming an unlikely friendship through songwriting and personal revelations.",Original editorial summary,,,"Original supplied score; believed Goodreads, unverified",Award,,https://catalog.ocls.org/OverDrive/125d2b83-3b95-4086-ae03-8708549f62bd/Home,Library catalog,2026-09-28,Source checked,Guitar Notes,,,,EN,Previously sourced,Original editorial summary; not independently source-checked,,2015 — Beehive — Young Adult,
the-false-prince--jennifer-a-nielsen,Beehive,Young Adult,2014,The False Prince,Jennifer A. Nielsen,4.5,11+,,5.1,12.0,MG,,"In the country of Carthya, a devious nobleman engages four orphans in a brutal competition to be selected to impersonate…",Source excerpt,https://www.arbookfind.com/bookdetail.aspx?q=150554&l=EN,,"Original supplied score; believed Goodreads, unverified",Award,150554,https://www.arbookfind.com/bookdetail.aspx?q=150554&l=EN,Renaissance,2026-09-28,Source checked,The False Prince,,,,EN,Previously sourced,Present in supplied CSV,,2014 — Beehive — Young Adult,
the-running-dream--wendelin-van-draanen,Beehive,Young Adult,2013,The Running Dream,Wendelin Van Draanen,4.0,,,4.09,9,MG+,,A teenage runner who loses a leg in an accident works toward a new future while learning to see disability and friendship differently.,Original editorial summary,,,"Original supplied score; believed Goodreads, unverified",Award,141591,https://bookroo.com/books/the-running-dream,Bookroo,2026-10-06,Source checked,,,Secondary-source AR metadata; check the quiz and edition before assigning school credit. Source reports this reading level to two decimal places; precision needs confirmation.,The Running Dream,EN,Matched saved source evidence,Original editorial summary; not independently source-checked,,2013 — Beehive — Young Adult,
dragonfly--julia-golding,Beehive,Young Adult,2012,Dragonfly,Julia Golding,3.5,,,,,,,"Two young rulers from contrasting cultures are forced toward a political marriage, then must work together after being captured by an enemy.",Original editorial summary,,,"Original supplied score; believed Goodreads, unverified",Award,,,,,Not yet verified,,,No matching English quiz confirmed in the evidence reviewed. Blank does not mean zero points or that no quiz exists.,,,Searched; not yet verified,Original editorial summary; not independently source-checked,,2012 — Beehive — Young Adult,
princess-of-the-midnight-ball--jessica-day-george,Beehive,Young Adult,2011,Princess of the Midnight Ball,Jessica Day George,4.0,,,5.6,10.0,MG+,,"This book retells the tale of twelve princesses who wear out their shoes dancing every third night, and of Galen,…",Source excerpt,https://www.arbookfind.com/bookdetail.aspx?q=129445&l=EN,,"Original supplied score; believed Goodreads, unverified",Award,129445,https://www.arbookfind.com/bookdetail.aspx?q=129445&l=EN,Renaissance,2026-09-28,Source checked,Princess of the Midnight Ball,,,,EN,Previously sourced,Present in supplied CSV,,2011 — Beehive — Young Adult,
the-hunger-games--suzanne-collins,Beehive,Young Adult,2010,The Hunger Games,Suzanne Collins,4.5,12+,Kids are forced to fight to the death,5.3,15.0,MG+,,Katniss volunteers for a televised death tournament and discovers that survival itself can become political defiance.,Original summary,,,"Original supplied score; believed Goodreads, unverified",Award,123740,https://www.arbookfind.com/bookdetail.aspx?q=123740&l=EN,Renaissance,2026-09-28,Source checked,The Hunger Games,,,,EN,Previously sourced,Present in supplied CSV,,2010 — Beehive — Young Adult,
wildwood-dancing--juliet-marillier,Beehive,Young Adult,2009,Wildwood Dancing,Juliet Marillier,4.0,,,5.4,17.0,MG+,,Five sisters who live with their merchant father in Transylvania use a hidden portal in their home to cross over…,Source excerpt,https://www.arbookfind.com/bookdetail.aspx?q=112434&l=EN,,"Original supplied score; believed Goodreads, unverified",Award,112434,https://www.arbookfind.com/bookdetail.aspx?q=112434&l=EN,Renaissance,2026-09-28,Source checked,Wildwood Dancing,,,,EN,Previously sourced,Present in supplied CSV,,2009 — Beehive — Young Adult,
bad-kitty--michele-jaffe,Beehive,Young Adult,2008,Bad Kitty,Michele Jaffe,3.0,,,,,,,A teenager with a talent for noticing suspicious details becomes embroiled in a murder mystery during a family trip to Las Vegas.,Original editorial summary,,,"Original supplied score; believed Goodreads, unverified",Award,,,,,Not yet verified,,,No matching English quiz confirmed in the evidence reviewed. Blank does not mean zero points or that no quiz exists.,,,Searched; not yet verified,Original editorial summary; not independently source-checked,,2008 — Beehive — Young Adult,
the-lightning-thief--rick-riordan,Beehive,Young Adult,2007,The Lightning Thief,Rick Riordan,4.5,9+,,4.7,13.0,MG,,"Twelve-year-old Percy Jackson learns he is a demigod, the son of a mortal woman and Poseidon, god of the sea.…",Source excerpt,https://www.arbookfind.com/bookdetail.aspx?q=89885&l=EN,,"Original supplied score; believed Goodreads, unverified",Award,89885,https://www.arbookfind.com/bookdetail.aspx?q=89885&l=EN,Renaissance,2026-09-28,Source checked,The Lightning Thief,,,,EN,Previously sourced,Present in supplied CSV,,2007 — Beehive — Young Adult,
airborn--kenneth-oppel,Beehive,Young Adult,2006,Airborn,Kenneth Oppel,4.0,,,5.1,15.0,MG+,,"Matt, a cabin boy aboard an airship, and Kate, a wealthy girl traveling with her chaperone, team up to search…",Source excerpt,https://www.arbookfind.com/bookdetail.aspx?q=77198&l=EN,,"Original supplied score; believed Goodreads, unverified",Award,77198,https://www.arbookfind.com/bookdetail.aspx?q=77198&l=EN,Renaissance,2026-09-28,Source checked,Airborn,,,,EN,Previously sourced,Present in supplied CSV,,2006 — Beehive — Young Adult,
eragon--christopher-paolini,Beehive,Young Adult,2005,Eragon,Christopher Paolini,3.5,,,5.6,25.0,UG,,"A 15-year-old boy of unknown lineage called Eragon, finds a mysterious stone that weaves his life into an intricate tapestry…",Source excerpt,https://www.arbookfind.com/bookdetail.aspx?q=74404&l=EN,,"Original supplied score; believed Goodreads, unverified",Award,74404,https://www.arbookfind.com/bookdetail.aspx?q=74404&l=EN,Renaissance,2026-09-28,Source checked,Eragon (English),,,,EN,Previously sourced,Present in supplied CSV,,2005 — Beehive — Young Adult,
stormbreaker--anthony-horowitz,Beehive,Young Adult,2004,Stormbreaker,Anthony Horowitz,4.0,10+,,5.1,7.0,MG+,,"After the death of the uncle who had been his guardian, Alex is coerced to continue his uncle's dangerous work…",Source excerpt,https://www.arbookfind.com/bookdetail.aspx?q=50390&l=EN,,"Original supplied score; believed Goodreads, unverified",Award,50390,https://www.arbookfind.com/bookdetail.aspx?q=50390&l=EN,Renaissance,2026-09-28,Source checked,Stormbreaker,,,,EN,Previously sourced,Present in supplied CSV,,2004 — Beehive — Young Adult,
touching-spirit-bear--ben-mikaelsen,Beehive,Young Adult,2003,Touching Spirit Bear,Ben Mikaelsen,4.0,12+,Opens with a violent assault,5.3,9.0,MG,,"After his anger erupts into violence, Cole, to avoid prison, agrees to participate in a sentencing alternative based on Native…",Source excerpt,https://www.arbookfind.com/bookdetail.aspx?q=45132&l=EN,,"Original supplied score; believed Goodreads, unverified",Award,45132,https://www.arbookfind.com/bookdetail.aspx?q=45132&l=EN,Renaissance,2026-09-28,Source checked,Touching Spirit Bear,,,,EN,Previously sourced,Present in supplied CSV,,2003 — Beehive — Young Adult,
downsiders--neal-shusterman,Beehive,Young Adult,2002,Downsiders,Neal Shusterman,3.5,,,7.2,11.0,MG,,When fourteen-year-old Lindsay meets Talon and discovers the Downsiders world which had evolved from the subway built in New York…,Source excerpt,https://www.arbookfind.com/bookdetail.aspx?q=30843&l=EN,,"Original supplied score; believed Goodreads, unverified",Award,30843,https://www.arbookfind.com/bookdetail.aspx?q=30843&l=EN,Renaissance,2026-09-28,Source checked,Downsiders,,,,EN,Previously sourced,Present in supplied CSV,,2002 — Beehive — Young Adult,
little-sister--kara-dalkey,Beehive,Young Adult,2000,Little Sister,Kara Dalkey,3.0,,,,,,,"In medieval Japan, a girl undertakes a supernatural journey to try to rescue her brother from a fate beyond the human world.",Original editorial summary,,,"Original supplied score; believed Goodreads, unverified",Award,,,,,Not yet verified,,,No matching English quiz confirmed in the evidence reviewed. Blank does not mean zero points or that no quiz exists.,,,Searched; not yet verified,Original editorial summary; not independently source-checked,,2000 — Beehive — Young Adult,
sos-titanic--eve-bunting,Beehive,Young Adult,1999,SOS Titanic,Eve Bunting,3.5,,,4.5,6,,,22 Total Resources Book Resume View Text Complexity Discover Like Books,Source excerpt,https://school.teachingbooks.net/tb.cgi?tid=14198,,"Original supplied score; believed Goodreads, unverified",Award,14492,https://school.teachingbooks.net/tb.cgi?tid=14198,TeachingBooks,2026-09-28,Source checked,SOS Titanic,,,,EN,Previously sourced,Present in supplied CSV,,1999 — Beehive — Young Adult,
the-merlin-effect--t-a-barron,Beehive,Young Adult,1998,The Merlin Effect,T.A. Barron,3.5,,,,,,,"A teenager accompanying a maritime expedition encounters a mystery linking a sunken ship, Merlin's legend, and the workings of time.",Original editorial summary,,,"Original supplied score; believed Goodreads, unverified",Award,,,,,Not yet verified,,,No matching English quiz confirmed in the evidence reviewed. Blank does not mean zero points or that no quiz exists.,,,Searched; not yet verified,Original editorial summary; not independently source-checked,,1998 — Beehive — Young Adult,
in-my-father-s-house--ann-rinaldi,Beehive,Young Adult,1997,In My Father's House,Ann Rinaldi,3.0,,,4.4,10,,,A girl living in Virginia during the Civil War struggles with family tensions and conflicting loyalties as the fighting reaches her home.,Original editorial summary,,,"Original supplied score; believed Goodreads, unverified",Award,10292,https://school.teachingbooks.net/tb.cgi?tid=3438,TeachingBooks,2026-10-06,Source checked,,,,In My Father's House,EN,Matched saved source evidence,Original editorial summary; not independently source-checked,,1997 — Beehive — Young Adult,
nothing-to-fear--jackie-french-koller,Beehive,Young Adult,1996,Nothing to Fear,Jackie French Koller,3.0,,,,,,,A boy in Depression-era New York faces financial hardship and family responsibilities while trying to retain hope for the future.,Original editorial summary,,,"Original supplied score; believed Goodreads, unverified",Award,,,,,Not yet verified,,,No matching English quiz confirmed in the evidence reviewed. Blank does not mean zero points or that no quiz exists.,,,Searched; not yet verified,Original editorial summary; not independently source-checked,,1996 — Beehive — Young Adult,
amazing-gracie--a-e-cannon,Beehive,Young Adult,1995,Amazing Gracie,A.E. Cannon,3.0,,,,,,,A teenager adjusts to a new blended family while confronting the emotional difficulties that shape her relationship with her mother.,Original editorial summary,,,"Original supplied score; believed Goodreads, unverified",Award,,,,,Not yet verified,,,No matching English quiz confirmed in the evidence reviewed. Blank does not mean zero points or that no quiz exists.,,,Searched; not yet verified,Original editorial summary; not independently source-checked,,1995 — Beehive — Young Adult,
sniper--theodore-taylor,Beehive,Young Adult,1993,Sniper,Theodore Taylor,3.0,,,5.2,8,,,A boy left with responsibility at his family's wild-animal preserve must respond when someone begins shooting the big cats.,Original editorial summary,,,"Original supplied score; believed Goodreads, unverified",Award,7024,https://library.teachingbooks.net/tb.cgi?tid=57707,TeachingBooks,2026-10-06,Source checked,,,,Sniper,EN,Matched saved source evidence,Original editorial summary; not independently source-checked,,1993 — Beehive — Young Adult,
don-t-look-behind-you--lois-duncan,Beehive,Young Adult,1992,Don't Look Behind You,Lois Duncan,3.5,,,6.2,9,,,14 Total Resources 1 State Lists Book Resume View Text Complexity Discover Like Books,Source excerpt,https://school.teachingbooks.net/tb.cgi?tid=1926,,"Original supplied score; believed Goodreads, unverified",Award,757,https://school.teachingbooks.net/tb.cgi?tid=1926,TeachingBooks,2026-09-28,Source checked,Don't Look Behind You,,,,EN,Previously sourced,Present in supplied CSV,,1992 — Beehive — Young Adult,
the-other-side-of-dark--joan-lowery-nixon,Beehive,Young Adult,1991,The Other Side of Dark,Joan Lowery Nixon,3.5,,,,,,,"A teenager wakes from a long coma with memories of her mother's murder, making her both a potential witness and a target.",Original editorial summary,,,"Original supplied score; believed Goodreads, unverified",Award,,,,,Not yet verified,,,No matching English quiz confirmed in the evidence reviewed. Blank does not mean zero points or that no quiz exists.,,,Searched; not yet verified,Original editorial summary; not independently source-checked,,1991 — Beehive — Young Adult,
the-girl-who-sang--estelle-nadel-with-bethany-strout-illust,Beehive,YA Graphic Novel,2026,The Girl Who Sang,Estelle Nadel with Bethany Strout; illustrated by Sammy Savos,4.0,12+,A Holocaust survival memoir,3.2,1,,,"A graphic memoir recounts Estelle Nadel's childhood survival during the Holocaust, her family losses, and the role of music in her life.",Original editorial summary,,,"Original supplied score; believed Goodreads, unverified",Award,552925,https://school.teachingbooks.net/tb.cgi?tid=92965,TeachingBooks,2026-10-06,Source checked,Matched title variant: The Girl Who Sang: A Holocaust Memoir of Hope and Survival,,,The Girl Who Sang: A Holocaust Memoir of Hope and Survival,EN,Matched saved source evidence,Original editorial summary; not independently source-checked,Corrected the supplied coauthor credit using TeachingBooks and Junior Library Guild.,2026 — Beehive — YA Graphic Novel,
a-first-time-for-everything--dan-santat,Beehive,YA Graphic Novel,2025,A First Time for Everything,Dan Santat,4.5,,,2.6,2,,,"After several painful experiences with middle school bullies, Thai American Dan just…",Source excerpt,https://school.teachingbooks.net/tb.cgi?a=1&tid=84797,,"Original supplied score; believed Goodreads, unverified",Award,519984,https://school.teachingbooks.net/tb.cgi?a=1&tid=84797,TeachingBooks,2026-09-28,Source checked,A First Time for Everything,,,,EN,Previously sourced,Present in supplied CSV,,2025 — Beehive — YA Graphic Novel,
ride-on--faith-erin-hicks,Beehive,YA Graphic Novel,2024,Ride On,Faith Erin Hicks,4.0,,,3.1,1,,,17 Total Resources 1 Awards 8 State Lists Book Resume View Text Complexity Discover Like Books,Source excerpt,https://school.teachingbooks.net/tb.cgi?tid=83012,,"Original supplied score; believed Goodreads, unverified",Award,517644,https://school.teachingbooks.net/tb.cgi?tid=83012,TeachingBooks,2026-09-28,Source checked,Ride On,,,,EN,Previously sourced,Present in supplied CSV,,2024 — Beehive — YA Graphic Novel,
displacement--kiku-hughes,Beehive,YA Graphic Novel,2023,Displacement,Kiku Hughes,4.0,,,,,,,"A Japanese American teenager is transported into the incarceration camp where her grandmother was held, connecting family history with present-day questions of identity.",Original editorial summary,,,"Original supplied score; believed Goodreads, unverified",Award,,,,,Not yet verified,,,No matching English quiz confirmed in the evidence reviewed. Blank does not mean zero points or that no quiz exists.,,,Searched; not yet verified,Original editorial summary; not independently source-checked,,2023 — Beehive — YA Graphic Novel,
they-called-us-enemy--george-takei-justin-eisinger-and-steven,Beehive,YA Graphic Novel,2022,They Called Us Enemy,"George Takei, Justin Eisinger, and Steven Scott",4.5,,,4.6,2,,,# They Called Us Enemy,Source excerpt,https://school.teachingbooks.net/tb.cgi?tid=61411,,"Original supplied score; believed Goodreads, unverified",Award,504407,https://school.teachingbooks.net/tb.cgi?tid=61411,TeachingBooks,2026-09-28,Source checked,They Called Us Enemy,,,,EN,Previously sourced,Present in supplied CSV,,2022 — Beehive — YA Graphic Novel,
the-nickel-boys--colson-whitehead,Pulitzer,Fiction,2020,The Nickel Boys,Colson Whitehead,4.5,15+,Abuse and violence at a reform school,6.5,10,,,Two Black boys endure a brutal Florida reform school whose violence and corruption test their contrasting beliefs about survival and justice.,Original editorial summary,,,"Original supplied score; believed Goodreads, unverified",Award,512399,https://library.teachingbooks.net/tb.cgi?tid=68496,TeachingBooks,2026-10-06,Source checked,,,,The Nickel Boys,EN,Matched saved source evidence,Original editorial summary; not independently source-checked,,2020 — Pulitzer — Fiction,
all-the-light-we-cannot-see--anthony-doerr,Pulitzer,Fiction,2015,All the Light We Cannot See,Anthony Doerr,4.5,14+,Wartime violence and a sexual assault scene,6.2,21,UG,,The lives of a blind French girl and a German boy trained in radio technology converge during World War II.,Original editorial summary,,,"Original supplied score; believed Goodreads, unverified",Award,171859,https://bookroo.com/books/all-the-light-we-cannot-see,Bookroo,2026-10-06,Source checked,,,Secondary-source AR metadata; check the quiz and edition before assigning school credit.,All the Light We Cannot See,EN,Matched saved source evidence,Original editorial summary; not independently source-checked,,2015 — Pulitzer — Fiction,
gilead--marilynne-robinson,Pulitzer,Fiction,2005,Gilead,Marilynne Robinson,3.0,15+,,,,,,"An aging Iowa minister writes a letter to his young son, reflecting on family, faith, forgiveness, and unresolved conflicts across generations.",Original editorial summary,,,"Original supplied score; believed Goodreads, unverified",Award,,,,,Not yet verified,,,No matching English quiz confirmed in the evidence reviewed. Blank does not mean zero points or that no quiz exists.,,,Searched; not yet verified,Original editorial summary; not independently source-checked,,2005 — Pulitzer — Fiction,
the-killer-angels--michael-shaara,Pulitzer,Fiction,1975,The Killer Angels,Michael Shaara,4.5,14+,Battlefield violence,4.7,15.0,UG,,This Pulitzer Prize-winning novel covers a fictionalized account of the four most bloody and courageous days of the Civil War--the…,Source excerpt,https://www.arbookfind.com/bookdetail.aspx?q=10839&l=EN,,"Original supplied score; believed Goodreads, unverified",Award,10839,https://www.arbookfind.com/bookdetail.aspx?q=10839&l=EN,Renaissance,2026-09-28,Source checked,The Killer Angels,,,,EN,Previously sourced,Present in supplied CSV,,1975 — Pulitzer — Fiction,
to-kill-a-mockingbird--harper-lee,Pulitzer,Fiction,1961,To Kill a Mockingbird,Harper Lee,5.0,13+,"Racial slurs, and a rape trial is central to the plot",5.6,15.0,UG,,A child's account of her Alabama town exposes racial injustice as her father defends a Black man falsely accused of rape.,Original summary,,,"Original supplied score; believed Goodreads, unverified",Award,720,https://www.arbookfind.com/bookdetail.aspx?q=720&l=EN,Renaissance,2026-09-28,Source checked,To Kill a Mockingbird,,,,EN,Previously sourced,Present in supplied CSV,,1961 — Pulitzer — Fiction,
a-death-in-the-family--james-agee,Pulitzer,Fiction,1958,A Death in the Family,James Agee,3.5,14+,Centers on a father's sudden death,,,,,"A father's sudden death unsettles a Tennessee family in a closely observed novel of childhood, mourning, and religious uncertainty.",Original editorial summary,,,"Original supplied score; believed Goodreads, unverified",Award,,,,,Not yet verified,,,No matching English quiz confirmed in the evidence reviewed. Blank does not mean zero points or that no quiz exists.,,,Searched; not yet verified,Original editorial summary; not independently source-checked,,1958 — Pulitzer — Fiction,
the-old-man-and-the-sea--ernest-hemingway,Pulitzer,Fiction,1953,The Old Man and the Sea,Ernest Hemingway,4.0,12+,,5.1,4.0,UG,,"An aging fisherman's struggle with a great marlin tests endurance, pride and the meaning of defeat.",Original summary,,,"Original supplied score; believed Goodreads, unverified",Award,5994,https://www.arbookfind.com/bookdetail.aspx?q=5994&l=EN,Renaissance,2026-09-28,Source checked,The Old Man and the Sea,,,,EN,Previously sourced,Present in supplied CSV,,1953 — Pulitzer — Fiction,
the-caine-mutiny--herman-wouk,Pulitzer,Fiction,1952,The Caine Mutiny,Herman Wouk,4.0,14+,,6.4,34.0,UG,,Novel about a court-martial on a mine sweeper in the Pacific during World War II.,Source excerpt,https://www.arbookfind.com/bookdetail.aspx?q=10832&l=EN,,"Original supplied score; believed Goodreads, unverified",Award,10832,https://www.arbookfind.com/bookdetail.aspx?q=10832&l=EN,Renaissance,2026-09-28,Source checked,The Caine Mutiny,,,,EN,Previously sourced,Present in supplied CSV,,1952 — Pulitzer — Fiction,
a-bell-for-adano--john-hersey,Pulitzer,Fiction,1945,A Bell for Adano,John Hersey,3.5,14+,,5.9,13.0,UG,,An Italian-American Major wins the love and admiration of the natives of the small Sicilian village of Adano when he…,Source excerpt,https://www.arbookfind.com/bookdetail.aspx?q=10830&l=EN,,"Original supplied score; believed Goodreads, unverified",Award,10830,https://www.arbookfind.com/bookdetail.aspx?q=10830&l=EN,Renaissance,2026-09-28,Source checked,A Bell for Adano,,,,EN,Previously sourced,Present in supplied CSV,,1945 — Pulitzer — Fiction,
the-grapes-of-wrath--john-steinbeck,Pulitzer,Fiction,1940,The Grapes of Wrath,John Steinbeck,4.0,15+,"Strong language, violence, and a mature final scene",4.9,25.0,UG,,"This powerful social document exemplifies the plight of ""Okies"" during the 1930s.",Source excerpt,https://www.arbookfind.com/bookdetail.aspx?q=5983&l=EN,,"Original supplied score; believed Goodreads, unverified",Award,5983,https://www.arbookfind.com/bookdetail.aspx?q=5983&l=EN,Renaissance,2026-09-28,Source checked,The Grapes of Wrath,,,,EN,Previously sourced,Present in supplied CSV,,1940 — Pulitzer — Fiction,
the-yearling--marjorie-kinnan-rawlings,Pulitzer,Fiction,1939,The Yearling,Marjorie Kinnan Rawlings,4.5,11+,"The ending, involving the pet deer, is heartbreaking",5,19,,,"A boy growing up in rural Florida adopts an orphaned fawn, then confronts the painful conflict between affection and his family's survival.",Original editorial summary,,,"Original supplied score; believed Goodreads, unverified",Award,725,https://school.teachingbooks.net/tb.cgi?tid=7580,TeachingBooks,2026-10-06,Source checked,,,,The Yearling,EN,Matched saved source evidence,Original editorial summary; not independently source-checked,,1939 — Pulitzer — Fiction,
the-good-earth--pearl-s-buck,Pulitzer,Fiction,1932,The Good Earth,Pearl S. Buck,3.5,15+,"Famine, concubines, and some sexual content",6.8,19.0,UG,,"Through famine, drought, and revolution, Wang Lung, a peasant in China in the 1920s, becomes a prosperous landowner with the…",Source excerpt,https://www.arbookfind.com/bookdetail.aspx?q=706&l=EN,,"Original supplied score; believed Goodreads, unverified",Award,706,https://www.arbookfind.com/bookdetail.aspx?q=706&l=EN,Renaissance,2026-09-28,Source checked,The Good Earth,,,,EN,Previously sourced,Present in supplied CSV,,1932 — Pulitzer — Fiction,
the-bridge-of-san-luis-rey--thornton-wilder,Pulitzer,Fiction,1928,The Bridge of San Luis Rey,Thornton Wilder,3.5,14+,,7.1,5.0,UG,,"A tiny footbridge in Peru breaks, and five people hurtle to their deaths. For Brother Juniper, a humble monk who…",Source excerpt,https://www.arbookfind.com/bookdetail.aspx?q=526&l=EN,,"Original supplied score; believed Goodreads, unverified",Award,526,https://www.arbookfind.com/bookdetail.aspx?q=526&l=EN,Renaissance,2026-09-28,Source checked,The Bridge of San Luis Rey,,,,EN,Previously sourced,Present in supplied CSV,,1928 — Pulitzer — Fiction,
so-big--edna-ferber,Pulitzer,Fiction,1925,So Big,Edna Ferber,3.5,14+,,,,,,"A woman's commitment to beauty, learning, and hard work shapes her life as a farmer and her hopes for her son.",Original editorial summary,,,"Original supplied score; believed Goodreads, unverified",Award,,,,,Not yet verified,,,No matching English quiz confirmed in the evidence reviewed. Blank does not mean zero points or that no quiz exists.,,,Searched; not yet verified,Original editorial summary; not independently source-checked,,1925 — Pulitzer — Fiction,
alice-adams--booth-tarkington,Pulitzer,Fiction,1922,Alice Adams,Booth Tarkington,3.5,13+,,,,,,"A young woman from a financially insecure family tries to enter fashionable society, exposing the pressures of class and social ambition.",Original editorial summary,,,"Original supplied score; believed Goodreads, unverified",Award,,,,,Not yet verified,,,No matching English quiz confirmed in the evidence reviewed. Blank does not mean zero points or that no quiz exists.,,,Searched; not yet verified,Original editorial summary; not independently source-checked,,1922 — Pulitzer — Fiction,
the-age-of-innocence--edith-wharton,Pulitzer,Fiction,1921,The Age of Innocence,Edith Wharton,4.0,15+,"Adult themes of marriage and temptation, nothing explicit",,,,,An engaged lawyer in upper-class nineteenth-century New York falls in love with a woman whose independence challenges his society's conventions.,Original editorial summary,,,"Original supplied score; believed Goodreads, unverified",Award,,,,,Not yet verified,,,No matching English quiz confirmed in the evidence reviewed. Blank does not mean zero points or that no quiz exists.,,,Searched; not yet verified,Original editorial summary; not independently source-checked,,1921 — Pulitzer — Fiction,
the-magnificent-ambersons--booth-tarkington,Pulitzer,Fiction,1919,The Magnificent Ambersons,Booth Tarkington,3.5,14+,,,,,,"An affluent Midwestern family's decline unfolds alongside industrial and social change, revealing the costs of pride and resistance to a changing world.",Original editorial summary,,,"Original supplied score; believed Goodreads, unverified",Award,,,,,Not yet verified,,,No matching English quiz confirmed in the evidence reviewed. Blank does not mean zero points or that no quiz exists.,,,Searched; not yet verified,Original editorial summary; not independently source-checked,,1919 — Pulitzer — Fiction,
the-diary-of-anne-frank--frances-goodrich-and-albert-hackett,Pulitzer,Drama,1956,The Diary of Anne Frank,Frances Goodrich and Albert Hackett,4.0,12+,This is the stage play; the diary itself did not win a Pulitzer,3.1,4.0,MG,,"Based on the book ANNE FRANK: DIARY OF A YOUNG GIRL, the diary of the young Jewish girl in hiding…",Source excerpt,https://www.arbookfind.com/bookdetail.aspx?q=48123&l=EN,,"Original supplied score; believed Goodreads, unverified",Award,48123,https://www.arbookfind.com/bookdetail.aspx?q=48123&l=EN,Renaissance,2026-09-28,Source checked,The Diary of Anne Frank,,,,EN,Previously sourced,Present in supplied CSV,,1956 — Pulitzer — Drama,
our-town--thornton-wilder,Pulitzer,Drama,1938,Our Town,Thornton Wilder,4.0,12+,,3.9,3.0,UG,,"Illuminating that which is extraordinary about the ordinary aspects of daily life, this play has become one of the most…",Source excerpt,https://www.arbookfind.com/bookdetail.aspx?q=5995&l=EN,,"Original supplied score; believed Goodreads, unverified",Award,5995,https://www.arbookfind.com/bookdetail.aspx?q=5995&l=EN,Renaissance,2026-09-28,Source checked,Our Town,,,,EN,Previously sourced,Present in supplied CSV,,1938 — Pulitzer — Drama,
maus--art-spiegelman,Pulitzer,Special Citation,1992,Maus,Art Spiegelman,5.0,13+,Holocaust violence and a parent's suicide,,,,,A graphic account of a Holocaust survivor's experiences also examines the difficult relationship between the survivor and his cartoonist son.,Original editorial summary,,,"Original supplied score; believed Goodreads, unverified",Award,,,,,Edition review needed,,,"Catalog title does not specify volume. Volume I: quiz 70909, 3 points, level 3.2. Volume II: quiz 70910, 2 points, level 3.1. Do not substitute MetaMaus.",,,Searched; not yet verified,Original editorial summary; not independently source-checked,,1992 — Pulitzer — Special Citation,https://www.arbookfind.com/bookdetailprint.aspx?l=EN&q=70909; https://www.arbookfind.com/bookdetailprint.aspx?l=EN&q=70910
the-hobbit--j-r-r-tolkien,Classics,Fantasy,1937,The Hobbit,J.R.R. Tolkien,,10+,"Fantasy battles, peril and deaths.",6.6,16.0,UG,,"A comfort-loving hobbit joins a perilous expedition and discovers courage, ingenuity and the cost of greed.",Original summary,,Fantasy,,Publication,511,https://www.arbookfind.com/bookdetail.aspx?q=511&l=EN,Renaissance,2026-09-28,Source checked,"The Hobbit, or, There and Back Again",,,,EN,Previously sourced,Present in supplied CSV,,1937 — Classics — Fantasy,
the-fellowship-of-the-ring--j-r-r-tolkien,Classics,Fantasy,1954,The Fellowship of the Ring,J.R.R. Tolkien,,12+,"Violence, frightening creatures and deaths.",6.1,29.0,UG,,Frodo leaves the Shire with a dangerous ring as an unlikely fellowship forms to oppose its maker.,Original summary,,Fantasy,,Publication,737,https://www.arbookfind.com/bookdetail.aspx?q=737&l=EN,Renaissance,2026-09-28,Source checked,The Fellowship of the Ring,,,,EN,Previously sourced,Present in supplied CSV,,1954 — Classics — Fantasy,
the-two-towers--j-r-r-tolkien,Classics,Fantasy,1954,The Two Towers,J.R.R. Tolkien,,12+,"Warfare, deaths and psychological peril.",6.3,23.0,UG,,The broken fellowship pursues separate paths while Frodo and Sam follow an increasingly unreliable guide toward Mordor.,Original summary,,Fantasy,,Publication,5295,https://www.arbookfind.com/bookdetail.aspx?q=5295&l=EN,Renaissance,2026-09-28,Source checked,The Two Towers,,,,EN,Previously sourced,Present in supplied CSV,,1954 — Classics — Fantasy,
the-return-of-the-king--j-r-r-tolkien,Classics,Fantasy,1955,The Return of the King,J.R.R. Tolkien,,12+,"Warfare, deaths and lasting trauma.",6.2,22.0,UG,,"As armies fight for Middle-earth, two exhausted hobbits face the final cost of destroying the Ring.",Original summary,,Fantasy,,Publication,5286,https://www.arbookfind.com/bookdetail.aspx?q=5286&l=EN,Renaissance,2026-09-28,Source checked,The Return of the King,,,,EN,Previously sourced,Present in supplied CSV,,1955 — Classics — Fantasy,
a-wizard-of-earthsea--ursula-k-le-guin,Classics,Fantasy,1968,A Wizard of Earthsea,Ursula K. Le Guin,,11+,"Dark magic, deaths and frightening imagery.",6.7,9.0,UG,,A gifted young wizard unleashes a shadow and must confront the consequences of his pride.,Original summary,,Fantasy,,Publication,5100,https://www.arbookfind.com/bookdetail.aspx?q=5100&l=EN,Renaissance,2026-09-28,Source checked,A Wizard of Earthsea,,,,EN,Previously sourced,Present in supplied CSV,,1968 — Classics — Fantasy,
the-farthest-shore--ursula-k-le-guin,National Book Award,Children's Books,1973,The Farthest Shore,Ursula K. Le Guin,,12+,"Death, addiction-like loss of purpose and peril.",6.1,10.0,UG,,Ged and a young prince sail beyond familiar waters to discover why magic and vitality are draining from Earthsea.,Original summary,,Fantasy,,Award,10114,https://www.arbookfind.com/bookdetail.aspx?q=10114&l=EN,Renaissance,2026-09-28,Source checked,The Farthest Shore,https://www.nationalbook.org/books/the-farthest-shore/,,,EN,Previously sourced,Present in supplied CSV,,1973 — National Book Award — Children's Books,
tehanu--ursula-k-le-guin,Classics,Fantasy,1990,Tehanu,Ursula K. Le Guin,,15+,"Severe child abuse, implied sexual violence and domestic violence.",5.5,11.0,UG,,"Tenar shelters an abused child while she and a changed Ged reconsider power, care and the lives overlooked by legends.",Original summary,,Fantasy,,Publication,53479,https://www.arbookfind.com/bookdetail.aspx?q=53479&l=EN,Renaissance,2026-09-28,Source checked,Tehanu,,,,EN,Previously sourced,Present in supplied CSV,,1990 — Classics — Fantasy,
the-lion-the-witch-and-the-wardrobe--c-s-lewis,Classics,Fantasy,1950,"The Lion, the Witch and the Wardrobe",C.S. Lewis,,8+,"Sacrifice, death, battles and Christian allegory.",5.7,6.0,MG,,Four siblings enter a winter-bound kingdom where an ancient promise challenges the rule of a cruel witch.,Original summary,,Fantasy,,Publication,52,https://www.arbookfind.com/bookdetail.aspx?q=52&l=EN,Renaissance,2026-09-28,Source checked,"The Lion, the Witch and the Wardrobe (Unabridged)",,,,EN,Previously sourced,Present in supplied CSV,,1950 — Classics — Fantasy,
prince-caspian--c-s-lewis,Classics,Fantasy,1951,Prince Caspian,C.S. Lewis,,9+,"Battles, attempted murder and religious themes.",5.7,7.0,MG,,"Returning to a transformed Narnia, the Pevensies help a young prince restore its displaced inhabitants.",Original summary,,Fantasy,,Publication,634,https://www.arbookfind.com/bookdetail.aspx?q=634&l=EN,Renaissance,2026-09-28,Source checked,Prince Caspian,,,,EN,Previously sourced,Present in supplied CSV,,1951 — Classics — Fantasy,
the-voyage-of-the-dawn-treader--c-s-lewis,Classics,Fantasy,1952,The Voyage of the Dawn Treader,C.S. Lewis,,9+,"Slavery, frightening islands and religious themes.",5.9,9.0,MG,,"A sea voyage carries Lucy, Edmund and Eustace through islands that test their courage, loyalty and character.",Original summary,,Fantasy,,Publication,649,https://www.arbookfind.com/bookdetail.aspx?q=649&l=EN,Renaissance,2026-09-28,Source checked,The Voyage of the Dawn Treader,,,,EN,Previously sourced,Present in supplied CSV,,1952 — Classics — Fantasy,
the-silver-chair--c-s-lewis,Classics,Fantasy,1953,The Silver Chair,C.S. Lewis,,9+,"Captivity, threats of being eaten and frightening underground scenes.",5.7,8.0,MG,,Two children and a pessimistic marsh-wiggle search for a missing prince under guidance they struggle to remember.,Original summary,,Fantasy,,Publication,639,https://www.arbookfind.com/bookdetail.aspx?q=639&l=EN,Renaissance,2026-09-28,Source checked,The Silver Chair,,,,EN,Previously sourced,Present in supplied CSV,,1953 — Classics — Fantasy,
the-horse-and-his-boy--c-s-lewis,Classics,Fantasy,1954,The Horse and His Boy,C.S. Lewis,,9+,"Slavery, battles and dated cultural stereotypes.",5.8,8.0,MG,,"A boy and a talking horse flee north, uncovering a plot against Narnia along the way.",Original summary,,Fantasy,,Publication,612,https://www.arbookfind.com/bookdetail.aspx?q=612&l=EN,Renaissance,2026-09-28,Source checked,The Horse and His Boy,,,,EN,Previously sourced,Present in supplied CSV,,1954 — Classics — Fantasy,
the-magician-s-nephew--c-s-lewis,Classics,Fantasy,1955,The Magician's Nephew,C.S. Lewis,,9+,"Ill parent, temptation and destructive magic.",5.4,6.0,MG,,Two children travel between worlds and witness Narnia's creation after accidentally awakening a dangerous queen.,Original summary,,Fantasy,,Publication,622,https://www.arbookfind.com/bookdetail.aspx?q=622&l=EN,Renaissance,2026-09-28,Source checked,The Magician's Nephew,,,,EN,Previously sourced,Present in supplied CSV,,1955 — Classics — Fantasy,
the-last-battle--c-s-lewis,Classics,Fantasy,1956,The Last Battle,C.S. Lewis,,11+,"Deaths, apocalyptic imagery and religious and cultural stereotypes.",5.6,7.0,MG,,A deception involving Aslan draws Narnia into its final conflict and raises difficult questions about belief and loyalty.,Original summary,,Fantasy,,Publication,619,https://www.arbookfind.com/bookdetail.aspx?q=619&l=EN,Renaissance,2026-09-28,Source checked,The Last Battle,,,,EN,Previously sourced,Present in supplied CSV,,1956 — Classics — Fantasy,
watership-down--richard-adams,Carnegie,Medal,1972,Watership Down,Richard Adams,,12+,"Graphic animal injuries and deaths, authoritarianism.",6.2,25,UG,,"A band of rabbits seeks a new home, building a community amid predators, competing leaders and human destruction.",Original summary,,Fantasy,,Award,749,https://bookroo.com/books/watership-down,Bookroo,2026-10-06,Source checked,,https://carnegies.co.uk/archive/writing-winners/,Secondary-source AR metadata; check the quiz and edition before assigning school credit.,Watership Down,EN,Matched saved source evidence,Present in supplied CSV,,1972 — Carnegie — Medal,
northern-lights--philip-pullman,Carnegie,Medal,1995,Northern Lights,Philip Pullman,,12+,"Violence involving children, deaths and criticism of religious authority.",7.1,19,UG,,"Lyra follows a trail of missing children into the Arctic, where strange experiments threaten the bond between humans and daemons.",Original summary,,Fantasy,,Award,15085,https://www.arbookfind.com/bookdetailprint.aspx?l=EN&q=15085,Renaissance,2026-10-06,Source checked,US title: The Golden Compass; Northern Lights is the UK title,https://carnegies.co.uk/archive/writing-winners/,,Northern Lights,EN,Matched source evidence,Present in supplied CSV,,1995 — Carnegie — Medal,
skellig--david-almond,Carnegie,Medal,1998,Skellig,David Almond,,10+,"Critically ill baby, anxiety and unsettling imagery.",3.5,4,,,"With his baby sister seriously ill, Michael discovers a mysterious being in a crumbling garage.",Original summary,,Fantasy,,Award,28292,https://school.teachingbooks.net/tb.cgi?tid=6202,TeachingBooks,2026-09-28,Source checked,Skellig,https://carnegies.co.uk/archive/writing-winners/,,,EN,Previously sourced,Present in supplied CSV,,1998 — Carnegie — Medal,
a-monster-calls--patrick-ness,Carnegie,Medal,2012,A Monster Calls,Patrick Ness,,12+,"Parental cancer, grief, bullying and frightening scenes.",4.8,5.0,MG+,,"A monster visits a boy whose mother is gravely ill, demanding a truth he is afraid to admit.",Original summary,,Fantasy,,Award,147163,https://www.arbookfind.com/bookdetail.aspx?q=147163&l=EN,Renaissance,2026-09-28,Source checked,A Monster Calls,https://carnegies.co.uk/archive/writing-winners/,,,EN,Previously sourced,Present in supplied CSV,,2012 — Carnegie — Medal,
the-wind-in-the-willows--kenneth-grahame,Classics,Animal fiction,1908,The Wind in the Willows,Kenneth Grahame,,8+,"Mild peril, weapons and reckless driving.",8.2,11.0,MG,,"Mole, Rat and Badger balance riverside friendship with the costly enthusiasms of the irrepressible Toad.",Original summary,,Fantasy,,Publication,524,https://www.arbookfind.com/bookdetail.aspx?q=524&l=EN,Renaissance,2026-09-28,Source checked,The Wind in the Willows (Unabridged),,,,EN,Previously sourced,Present in supplied CSV,,1908 — Classics — Animal fiction,
the-secret-garden--frances-hodgson-burnett,Classics,Children's literature,1911,The Secret Garden,Frances Hodgson Burnett,,9+,"Parental deaths, illness and dated racist and disability language.",6.3,13.0,MG,,A lonely girl discovers a neglected garden and helps bring an isolated household back to life.,Original summary,,Historical fiction,,Publication,78,https://www.arbookfind.com/bookdetail.aspx?q=78&l=EN,Renaissance,2026-09-28,Source checked,The Secret Garden (Unabridged),,,,EN,Previously sourced,Present in supplied CSV,,1911 — Classics — Children's literature,
anne-of-green-gables--l-m-montgomery,Classics,Children's literature,1908,Anne of Green Gables,L.M. Montgomery,,10+,"Orphanhood, bullying and bereavement.",7.3,17.0,MG,,An imaginative orphan upends a quiet farming household while searching for friendship and a place to belong.,Original summary,,Historical fiction,,Publication,203,https://www.arbookfind.com/bookdetail.aspx?q=203&l=EN,Renaissance,2026-09-28,Source checked,Anne of Green Gables (Unabridged),,,,EN,Previously sourced,Present in supplied CSV,,1908 — Classics — Children's literature,
little-women--louisa-may-alcott,Classics,Coming of age,1868,Little Women,Louisa May Alcott,,11+,"Illness, death and restrictive expectations for women.",7.9,33.0,MG,,"The four March sisters navigate ambition, money, love and loss as they grow into distinct adult lives.",Original summary,,Historical fiction,,Publication,513,https://www.arbookfind.com/bookdetail.aspx?client=SuccessfulReader&l=EN&q=513,Renaissance,2026-10-06,Source checked,"Complete, unabridged Books I and II; 33 points. Book I alone has a separate 15-point quiz.",,,Little Women (Book I and II) (Unabridged),EN,Matched saved source evidence,Present in supplied CSV,,1868 — Classics — Coming of age,
alice-s-adventures-in-wonderland--lewis-carroll,Classics,Fantasy,1865,Alice's Adventures in Wonderland,Lewis Carroll,,8+,"Threats of execution and surreal, sometimes unsettling scenes.",7.4,5.0,MG,,"Alice follows a rabbit into a world where language, logic and authority refuse to behave sensibly.",Original summary,,Fantasy,,Publication,52290,https://www.arbookfind.com/bookdetail.aspx?q=52290&l=EN,Renaissance,2026-09-28,Source checked,Alice's Adventures in Wonderland/Alice in Wonderland,,,,EN,Previously sourced,Present in supplied CSV,,1865 — Classics — Fantasy,
through-the-looking-glass--lewis-carroll,Classics,Fantasy,1871,Through the Looking-Glass,Lewis Carroll,,9+,Surreal threats and challenging wordplay.,,,,,"Alice enters a mirror-world arranged like a chessboard, encountering poems, puzzles and spectacularly unreliable logic.",Original summary,,Fantasy,,Publication,,,,,Not yet verified,,,No matching English quiz confirmed in the evidence reviewed. Blank does not mean zero points or that no quiz exists.,,,Searched; not yet verified,Present in supplied CSV,,1871 — Classics — Fantasy,
treasure-island--robert-louis-stevenson,Classics,Adventure,1883,Treasure Island,Robert Louis Stevenson,,10+,"Piracy, murder, gun violence and alcohol.",8.3,12,MG,,"A treasure map takes Jim Hawkins to sea, where loyalty becomes difficult to distinguish from a pirate's charm.",Original summary,,Adventure,,Publication,,https://catalog.wake.gov/Record/448025,Library catalog,2026-10-06,Source checked,Full-length text with John Seelye introduction; not a retelling,,Secondary-source AR metadata; confirm the matching quiz and edition with your school before assigning credit.,Treasure Island,EN,Matched source evidence,Present in supplied CSV,,1883 — Classics — Adventure,
kidnapped--robert-louis-stevenson,Classics,Adventure,1886,Kidnapped,Robert Louis Stevenson,,12+,"Kidnapping, murder, political violence and dense Scots vocabulary.",7.6,14.0,UG,,"Betrayed by his uncle, David Balfour survives kidnapping and crosses a divided Scotland with a fugitive companion.",Original summary,,Adventure,,Publication,512,https://www.arbookfind.com/bookdetail.aspx?q=512&l=EN,Renaissance,2026-09-28,Source checked,Kidnapped (Unabridged),,,,EN,Previously sourced,Present in supplied CSV,,1886 — Classics — Adventure,
black-beauty--anna-sewell,Classics,Animal fiction,1877,Black Beauty,Anna Sewell,,9+,"Animal cruelty, neglect and deaths.",7.7,11,,,"A horse recounts successive owners and workplaces, exposing how everyday choices can become kindness or cruelty.",Original summary,,Animal fiction,,Publication,8,https://school.teachingbooks.net/tb.cgi?tid=846,TeachingBooks,2026-10-06,Source checked,,,,Black Beauty,EN,Matched saved source evidence,Present in supplied CSV,,1877 — Classics — Animal fiction,
the-call-of-the-wild--jack-london,Classics,Adventure,1903,The Call of the Wild,Jack London,,12+,"Severe animal cruelty, bloody fights and deaths.",8.0,7.0,MG,,"Stolen into the northern sled-dog trade, Buck discovers the instincts and strength needed to survive.",Original summary,,Adventure,,Publication,107,https://www.arbookfind.com/bookdetail.aspx?q=107&l=EN,Renaissance,2026-09-28,Source checked,The Call of the Wild,,,,EN,Previously sourced,Present in supplied CSV,,1903 — Classics — Adventure,
white-fang--jack-london,Classics,Adventure,1906,White Fang,Jack London,,12+,"Animal abuse, dogfighting and graphic violence.",,,,,A wolf-dog's encounters with humans reveal how brutality and patience shape a living creature.,Original summary,,Adventure,,Publication,,,,,Not yet verified,,,No matching English quiz confirmed in the evidence reviewed. Blank does not mean zero points or that no quiz exists.,,,Searched; not yet verified,Present in supplied CSV,,1906 — Classics — Adventure,
the-jungle-book--rudyard-kipling,Classics,Stories,1894,The Jungle Book,Rudyard Kipling,,10+,Animal violence and dated colonial and racial attitudes.,,,,,"Mowgli's jungle upbringing anchors a collection of animal stories about belonging, loyalty and competing codes of conduct.",Original summary,,Fantasy,,Publication,,,,,Not yet verified,,,No matching English quiz confirmed in the evidence reviewed. Blank does not mean zero points or that no quiz exists.,,,Searched; not yet verified,Present in supplied CSV,,1894 — Classics — Stories,
a-christmas-carol--charles-dickens,Classics,Novella,1843,A Christmas Carol,Charles Dickens,,10+,"Ghosts, poverty, child illness and visions of death.",6.7,5.0,MG,,A miser is forced to revisit his past and consider what his indifference will leave behind.,Original summary,,Fantasy,,Publication,44702,https://www.arbookfind.com/bookdetail.aspx?q=44702&l=EN,Renaissance,2026-09-28,Source checked,A Christmas Carol (Unabridged),,,,EN,Previously sourced,Present in supplied CSV,,1843 — Classics — Novella,
great-expectations--charles-dickens,Classics,Novel,1861,Great Expectations,Charles Dickens,,14+,"Abuse, violence, imprisonment and emotional manipulation.",9.2,35.0,UG,,"An unexpected fortune gives Pip a gentleman's prospects while complicating his understanding of loyalty, class and self-worth.",Original summary,,Historical fiction,,Publication,707,https://www.arbookfind.com/bookdetail.aspx?q=707&l=EN,Renaissance,2026-09-28,Source checked,Great Expectations (Unabridged),,,,EN,Previously sourced,Present in supplied CSV,,1861 — Classics — Novel,
a-tale-of-two-cities--charles-dickens,Classics,Novel,1859,A Tale of Two Cities,Charles Dickens,,14+,"Executions, mob violence and references to sexual violence.",9.7,27.0,UG,,"Lives in London and revolutionary Paris become entangled in inherited injustice, revenge and an extraordinary act of sacrifice.",Original summary,,Historical fiction,,Publication,719,https://www.arbookfind.com/bookdetail.aspx?q=719&l=EN,Renaissance,2026-09-28,Source checked,A Tale of Two Cities (Unabridged),,,,EN,Previously sourced,Present in supplied CSV,,1859 — Classics — Novel,
pride-and-prejudice--jane-austen,Classics,Novel,1813,Pride and Prejudice,Jane Austen,,13+,"Marriage pressures, class prejudice and implied sexual scandal.",12.0,27.0,UG,,Elizabeth Bennet and Mr. Darcy must reconsider their judgments amid family embarrassments and the economics of marriage.,Original summary,,Romance,,Publication,714,https://www.arbookfind.com/bookdetail.aspx?q=714&l=EN,Renaissance,2026-09-28,Source checked,Pride and Prejudice (Unabridged),,,,EN,Previously sourced,Present in supplied CSV,,1813 — Classics — Novel,
jane-eyre--charlotte-bronte,Classics,Novel,1847,Jane Eyre,Charlotte Brontë,,14+,"Child abuse, confinement, deaths and troubling depictions of mental illness.",7.9,33.0,UG,,An orphan becomes a governess and faces a choice between powerful attachment and the independence she has fought to preserve.,Original summary,,Gothic fiction,,Publication,709,https://www.arbookfind.com/bookdetail.aspx?q=709&l=EN,Renaissance,2026-09-28,Source checked,Jane Eyre (Unabridged) (English),,,,EN,Previously sourced,Present in supplied CSV,,1847 — Classics — Novel,
wuthering-heights--emily-bronte,Classics,Novel,1847,Wuthering Heights,Emily Brontë,,16+,"Domestic abuse, cruelty, coercion, illness and death.",11.3,23.0,UG,,An obsessive attachment becomes a campaign of revenge that consumes two families across generations.,Original summary,,Gothic fiction,,Publication,724,https://www.arbookfind.com/bookdetail.aspx?q=724&l=EN,Renaissance,2026-09-28,Source checked,Wuthering Heights (Unabridged),,,,EN,Previously sourced,Present in supplied CSV,,1847 — Classics — Novel,
frankenstein--mary-shelley,Classics,Novel,1818,Frankenstein,Mary Shelley,,14+,"Murder, abandonment, deaths and suicidal despair.",12.4,17.0,UG,,"A scientist creates life, rejects his creation and confronts the consequences of ambition without responsibility.",Original summary,,Science fiction,,Publication,533,https://www.arbookfind.com/bookdetail.aspx?q=533&l=EN,Renaissance,2026-09-28,Source checked,Frankenstein (Unabridged),,,,EN,Previously sourced,Present in supplied CSV,,1818 — Classics — Novel,
dracula--bram-stoker,Classics,Novel,1897,Dracula,Bram Stoker,,15+,"Blood, violence, sexualized threats and dated prejudices.",,,,,Letters and diaries trace a group's struggle against a vampire whose influence spreads from Transylvania to England.,Original summary,,Horror,,Publication,,,,,Not yet verified,,,No matching English quiz confirmed in the evidence reviewed. Blank does not mean zero points or that no quiz exists.,,,Searched; not yet verified,Present in supplied CSV,,1897 — Classics — Novel,
the-adventures-of-sherlock-holmes--arthur-conan-doyle,Classics,Stories,1892,The Adventures of Sherlock Holmes,Arthur Conan Doyle,,12+,"Crime, murder, drug references and dated stereotypes; varies by story.",,,,,Sherlock Holmes and Dr. Watson untangle cases in which overlooked details expose motives beneath respectable appearances.,Original summary,,Mystery,,Publication,,,,,Not yet verified,,,No matching English quiz confirmed in the evidence reviewed. Blank does not mean zero points or that no quiz exists.,,,Searched; not yet verified,Present in supplied CSV,,1892 — Classics — Stories,
the-time-machine--h-g-wells,Classics,Novella,1895,The Time Machine,H.G. Wells,,12+,"Predation, frightening creatures and bleak social themes.",7.4,6.0,UG,,A traveler reaches a distant future whose apparently simple society conceals the consequences of class division.,Original summary,,Science fiction,,Publication,12799,https://www.arbookfind.com/bookdetail.aspx?q=12799&l=EN,Renaissance,2026-09-28,Source checked,The Time Machine (Unabridged),,,,EN,Previously sourced,Present in supplied CSV,,1895 — Classics — Novella,
the-war-of-the-worlds--h-g-wells,Classics,Novel,1898,The War of the Worlds,H.G. Wells,,13+,"Mass death, invasion and frightening violence.",9.1,11,,,A Martian invasion strips Victorian society of its confidence and reveals humanity's vulnerability.,Original summary,,Science fiction,,Publication,,https://catalog.cwmars.org/Record/605333,Library catalog,2026-10-06,Source checked,Full-length novel; no adaptation accepted,,Secondary-source AR metadata; confirm the matching quiz and edition with your school before assigning credit.,The War of the Worlds,EN,Matched source evidence,Present in supplied CSV,,1898 — Classics — Novel,
twenty-thousand-leagues-under-the-sea--jules-verne,Classics,Novel,1870,Twenty Thousand Leagues Under the Sea,Jules Verne,,12+,"Captivity, sea peril and violence; translations vary in difficulty.",,,,,"Captives aboard Captain Nemo's submarine explore the oceans while trying to understand their brilliant, secretive host.",Original summary,,Science fiction,,Publication,,,,,Not yet verified,,,No matching English quiz confirmed in the evidence reviewed. Blank does not mean zero points or that no quiz exists.,,,Searched; not yet verified,Present in supplied CSV,,1870 — Classics — Novel,
the-count-of-monte-cristo--alexandre-dumas,Classics,Novel,1844,The Count of Monte Cristo,Alexandre Dumas,,15+,"Imprisonment, revenge, poisoning, drug use and suicide; choose an unabridged translation.",,,,,Wrongfully imprisoned Edmond Dantès returns with wealth and a plan to remake the lives of those who betrayed him.,Original summary,,Adventure,,Publication,,,,,Not yet verified,,,No matching English quiz confirmed in the evidence reviewed. Blank does not mean zero points or that no quiz exists.,,,Searched; not yet verified,Present in supplied CSV,,1844 — Classics — Novel,
the-little-prince--antoine-de-saint-exupery,Classics,Novella,1943,The Little Prince,Antoine de Saint-Exupéry,,10+,"Loneliness, loss and an ambiguous death.",5,2,,,A stranded pilot meets a visiting prince whose travels expose adult absurdities and the responsibilities of love.,Original summary,,Fantasy,,Publication,123,https://school.teachingbooks.net/tb.cgi?tid=4080,TeachingBooks,2026-09-28,Source checked,The Little Prince,,,,EN,Previously sourced,Present in supplied CSV,,1943 — Classics — Novella,
animal-farm--george-orwell,Classics,Novella,1945,Animal Farm,George Orwell,,13+,"Animal deaths, executions and authoritarian violence.",7.3,5.0,UG,,"Farm animals overthrow their owner, only to discover how revolutionary promises can become instruments of oppression.",Original summary,,Political satire,,Publication,727,https://www.arbookfind.com/bookdetail.aspx?q=727&l=EN,Renaissance,2026-09-28,Source checked,Animal Farm,,,,EN,Previously sourced,Present in supplied CSV,,1945 — Classics — Novella,
nineteen-eighty-four--george-orwell,Classics,Novel,1949,Nineteen Eighty-Four,George Orwell,,16+,"Torture, sexual content, surveillance and psychological abuse.",8.9,17,UG,,"A minor official secretly resists a regime that controls language, memory and the possibility of private loyalty.",Original summary,,Dystopia,,Publication,5976,https://www.arbookfind.com/bookdetail.aspx?client=WKAR&l=EN&q=5976,Renaissance,2026-10-06,Source checked,AR title: 1984 (English),,,Nineteen Eighty-Four,EN,Matched source evidence,Present in supplied CSV,,1949 — Classics — Novel,
fahrenheit-451--ray-bradbury,Classics,Novel,1953,Fahrenheit 451,Ray Bradbury,,14+,"Suicide attempt, book burning, violence and war.",5.2,7.0,UG,,A fireman paid to destroy books begins questioning the comfortable distractions that keep his society obedient.,Original summary,,Dystopia,,Publication,736,https://www.arbookfind.com/bookdetail.aspx?q=736&l=EN,Renaissance,2026-09-28,Source checked,Fahrenheit 451 (English),,,,EN,Previously sourced,Present in supplied CSV,,1953 — Classics — Novel,
brave-new-world--aldous-huxley,Classics,Novel,1932,Brave New World,Aldous Huxley,,16+,"Frequent sexual themes, drug use, dehumanization and suicide.",7.5,11.0,UG,,A society engineered for effortless happiness is challenged by people who cannot accept its price.,Original summary,,Dystopia,,Publication,8653,https://www.arbookfind.com/bookdetail.aspx?q=8653&l=EN,Renaissance,2026-09-28,Source checked,Brave New World,,,,EN,Previously sourced,Present in supplied CSV,,1932 — Classics — Novel,
things-fall-apart--chinua-achebe,Classics,Novel,1958,Things Fall Apart,Chinua Achebe,,15+,"Domestic violence, killing, colonial racism and suicide.",6.2,8.0,UG,,Okonkwo's struggle for status unfolds as colonial power and missionary activity transform his Igbo community.,Original summary,,Historical fiction,,Publication,79634,https://www.arbookfind.com/bookdetail.aspx?q=79634&l=EN,Renaissance,2026-09-28,Source checked,Things Fall Apart,,,,EN,Previously sourced,Present in supplied CSV,,1958 — Classics — Novel,
cry-the-beloved-country--alan-paton,Classics,Novel,1948,"Cry, the Beloved Country",Alan Paton,,15+,"Racism, murder, execution and references to prostitution.",6.2,14,,,A rural priest searches Johannesburg for his son as two families confront loss in a racially divided South Africa.,Original summary,,Historical fiction,,Publication,12780,https://school.teachingbooks.net/tb.cgi?tid=1609,TeachingBooks,2026-10-06,Source checked,,,,"Cry, the Beloved Country",EN,Matched saved source evidence,Present in supplied CSV,,1948 — Classics — Novel,
night--elie-wiesel,Classics,Memoir,1960,Night,Elie Wiesel,,15+,"Holocaust atrocities, child deaths, starvation and loss of faith.",4.8,4.0,UG,,"Wiesel recounts deportation and imprisonment during the Holocaust, examining survival, family bonds and the collapse of moral certainty.",Original summary,,Memoir,,Publication,5279,https://www.arbookfind.com/bookdetail.aspx?q=5279&l=EN,Renaissance,2026-09-28,Source checked,Night,,,,EN,Previously sourced,Present in supplied CSV,,1960 — Classics — Memoir,
the-diary-of-a-young-girl--anne-frank,Classics,Diary,1947,The Diary of a Young Girl,Anne Frank,,13+,"Holocaust persecution, fear of discovery and frank discussion of puberty; editions differ.",6.5,14.0,MG+,,"A Jewish teenager records family tensions, ambitions and changing feelings while hiding from Nazi persecution.",Original summary,,Memoir,,Publication,530,https://www.arbookfind.com/bookdetail.aspx?q=530&l=EN,Renaissance,2026-09-28,Source checked,The Diary of a Young Girl,,,,EN,Previously sourced,Present in supplied CSV,,1947 — Classics — Diary,
the-outsiders--s-e-hinton,Classics,Coming of age,1967,The Outsiders,S.E. Hinton,,12+,"Gang violence, deaths, smoking and alcohol.",4.7,7.0,UG,,Ponyboy's loyalties are tested as class conflict and escalating violence overturn his assumptions about friends and enemies.,Original summary,,Contemporary fiction,,Publication,381,https://www.arbookfind.com/bookdetail.aspx?q=381&l=EN,Renaissance,2026-09-28,Source checked,The Outsiders,,,,EN,Previously sourced,Present in supplied CSV,,1967 — Classics — Coming of age,
the-house-on-mango-street--sandra-cisneros,Classics,Vignettes,1984,The House on Mango Street,Sandra Cisneros,,14+,"Sexual assault, domestic abuse and poverty.",4.5,3.0,UG,,Short vignettes follow Esperanza's developing voice as she imagines a future beyond the limits imposed on her neighborhood's women.,Original summary,,Contemporary fiction,,Publication,20914,https://www.arbookfind.com/bookdetail.aspx?q=20914&l=EN,Renaissance,2026-09-28,Source checked,The House on Mango Street,,,,EN,Previously sourced,Present in supplied CSV,,1984 — Classics — Vignettes,
their-eyes-were-watching-god--zora-neale-hurston,Classics,Novel,1937,Their Eyes Were Watching God,Zora Neale Hurston,,16+,"Domestic violence, sexual themes, racism and deaths.",5.6,10.0,UG,,Janie Crawford searches for love and self-determination through three marriages and a changing understanding of her own voice.,Original summary,,Historical fiction,,Publication,19797,https://www.arbookfind.com/bookdetail.aspx?q=19797&l=EN,Renaissance,2026-09-28,Source checked,Their Eyes Were Watching God,,,,EN,Previously sourced,Present in supplied CSV,,1937 — Classics — Novel,
rebecca--daphne-du-maurier,Classics,Novel,1938,Rebecca,Daphne du Maurier,,15+,"Psychological abuse, murder, sexual implications and suicide references.",6.8,26,UG,,A young bride enters a grand estate where her husband's dead first wife still seems to govern every relationship.,Original summary,,Gothic fiction,,Publication,543,https://catalog.midcolumbialibraries.org/polaris/search/title.aspx?cn=1383352&ctx=1.1033&pos=1,Library catalog,2026-10-06,Source checked,Full-length English novel,,Secondary-source AR metadata; confirm the matching quiz and edition with your school before assigning credit.,Rebecca,EN,Matched source evidence,Present in supplied CSV,,1938 — Classics — Novel,
hamlet--william-shakespeare,Classics,Drama,1603,Hamlet,William Shakespeare,,15+,"Murder, suicidal thoughts, sexual wordplay and possible suicide.",10.5,7.0,UG,,A prince's demand for certainty about his father's murder draws a royal household into deception and catastrophe.,Original summary,,Drama,,Publication,10035,https://www.arbookfind.com/bookdetail.aspx?q=10035&l=EN,Renaissance,2026-09-28,Source checked,Hamlet,,,,EN,Previously sourced,Present in supplied CSV,,1603 — Classics — Drama,
macbeth--william-shakespeare,Classics,Drama,1623,Macbeth,William Shakespeare,,14+,"Murder, child deaths, supernatural imagery and suicide references.",10.9,4.0,UG,,"A warrior and his wife pursue a prophecy of kingship, finding that power gained through murder offers no security.",Original summary,,Drama,,Publication,5990,https://www.arbookfind.com/bookdetail.aspx?q=5990&l=EN,Renaissance,2026-09-28,Source checked,Macbeth,,,,EN,Previously sourced,Present in supplied CSV,,1623 — Classics — Drama,
a-midsummer-night-s-dream--william-shakespeare,Classics,Drama,1600,A Midsummer Night's Dream,William Shakespeare,,12+,"Sexual wordplay, coercive marriage expectations and magical manipulation.",10.9,3.0,UG,,"Lovers, amateur actors and quarrelling fairies collide in a forest where desire is easily redirected.",Original summary,,Drama,,Publication,16717,https://www.arbookfind.com/bookdetail.aspx?q=16717&l=EN,Renaissance,2026-09-28,Source checked,A Midsummer Night's Dream,,,,EN,Previously sourced,Present in supplied CSV,,1600 — Classics — Drama,
the-book-thief--markus-zusak,Printz,Honor,2007,The Book Thief,Markus Zusak,,13+,"Nazi persecution, bombing, deaths and strong language.",5.1,18.0,UG,,A foster girl in Nazi Germany finds refuge in words while her household shelters a Jewish man.,Original summary,,Historical fiction,,Award,106101,https://www.arbookfind.com/bookdetail.aspx?q=106101&l=EN,Renaissance,2026-09-28,Source checked,The Book Thief,https://www.ala.org/winner/book-thief-1,,,EN,Previously sourced,Present in supplied CSV,,2007 — Printz — Honor,
monster--walter-dean-myers,Printz,Winner,2000,Monster,Walter Dean Myers,,14+,"Murder trial, prison threats, racism and violence.",5.1,5,,,A teenager records his murder trial as a screenplay while questioning how others see him and who he believes he is.,Original summary,,Contemporary fiction,,Award,29945,https://library.teachingbooks.net/tb.cgi?tid=4635,TeachingBooks,2026-09-28,Source checked,Monster,https://www.ala.org/alsc/awardsgrants/bookmedia/printz-award,,,EN,Previously sourced,Present in supplied CSV,,2000 — Printz — Winner,
kit-s-wilderness--david-almond,Printz,Winner,2001,Kit's Wilderness,David Almond,,12+,"Death, dangerous games, family illness and unsettling imagery.",3.7,6,,,"A boy in a former mining town becomes entangled in stories and games that blur memory, danger and the supernatural.",Original summary,,Fantasy,,Award,36754,https://school.teachingbooks.net/tb.cgi?tid=3847,TeachingBooks,2026-09-28,Source checked,Kit's Wilderness,https://www.ala.org/alsc/awardsgrants/bookmedia/printz-award,,,EN,Previously sourced,Present in supplied CSV,,2001 — Printz — Winner,
american-born-chinese--gene-luen-yang,Printz,Winner,2007,American Born Chinese,Gene Luen Yang,,12+,"Racist caricatures and slurs presented critically, bullying and sexual jokes.",3.3,1.0,MG+,,"Three interwoven stories explore shame, transformation and the pressure to reject parts of one's identity.",Original summary,,Graphic novel,,Award,111766,https://www.arbookfind.com/bookdetail.aspx?q=111766&l=EN,Renaissance,2026-09-28,Source checked,American Born Chinese,https://www.ala.org/alsc/awardsgrants/bookmedia/printz-award,,,EN,Previously sourced,Present in supplied CSV,,2007 — Printz — Winner,
looking-for-alaska--john-green,Printz,Winner,2006,Looking for Alaska,John Green,,16+,"Explicit sexual scene, alcohol, smoking, strong language and possible suicide.",5.8,11.0,UG,,A boarding-school friendship draws Miles toward adventure before a sudden loss forces him to confront uncertainty and responsibility.,Original summary,,Contemporary fiction,,Award,86391,https://www.arbookfind.com/bookdetail.aspx?q=86391&l=EN,Renaissance,2026-09-28,Source checked,Looking for Alaska,https://www.ala.org/alsc/awardsgrants/bookmedia/printz-award,,,EN,Previously sourced,Present in supplied CSV,,2006 — Printz — Winner,
jellicoe-road--melina-marchetta,Printz,Winner,2009,Jellicoe Road,Melina Marchetta,,15+,"Abuse, abandonment, drug use, sexual content and deaths.",5.0,12.0,UG,,Taylor's search for her past intersects with territorial games and a manuscript about another generation of teenagers.,Original summary,,Contemporary fiction,,Award,126984,https://www.arbookfind.com/bookdetail.aspx?q=126984&l=EN,Renaissance,2026-09-28,Source checked,Jellicoe Road,https://www.ala.org/alsc/awardsgrants/bookmedia/printz-award,,,EN,Previously sourced,Present in supplied CSV,,2009 — Printz — Winner,
ship-breaker--paolo-bacigalupi,Printz,Winner,2011,Ship Breaker,Paolo Bacigalupi,,14+,"Child exploitation, abusive parent, violence and substance use.",4.4,11.0,MG+,,A teenage ship scavenger finds a wealthy survivor whose rescue could change his future or destroy it.,Original summary,,Dystopia,,Award,137055,https://www.arbookfind.com/bookdetail.aspx?q=137055&l=EN,Renaissance,2026-09-28,Source checked,Ship Breaker,https://www.ala.org/alsc/awardsgrants/bookmedia/printz-award,,,EN,Previously sourced,Present in supplied CSV,,2011 — Printz — Winner,
code-name-verity--elizabeth-wein,Printz,Honor,2013,Code Name Verity,Elizabeth Wein,,15+,"Torture, executions, wartime violence and strong language.",6.5,15.0,UG,,A captured British agent's written confession gradually reveals the stakes of her mission and an extraordinary friendship.,Original summary,,Historical fiction,,Award,151635,https://www.arbookfind.com/bookdetail.aspx?q=151635&l=EN,Renaissance,2026-09-28,Source checked,Code Name Verity,https://www.ala.org/winner/code-name-verity-1,,,EN,Previously sourced,Present in supplied CSV,,2013 — Printz — Honor,
bone-gap--laura-ruby,Printz,Winner,2016,Bone Gap,Laura Ruby,,15+,"Abduction, sexual content, violence and abuse.",4.9,11,,,"After a young woman disappears, a boy's account of her captor challenges what his small town is willing to believe.",Original summary,,Fantasy,,Award,,https://www.juniorlibraryguild.com/bone-gap-audiobook-9781936129461j,Junior Library Guild,2026-10-06,Source checked,Unabridged audiobook catalog record for the novel,https://www.ala.org/alsc/awardsgrants/bookmedia/printz-award,Secondary-source AR metadata; confirm the matching quiz and edition with your school before assigning credit.,Bone Gap,EN,Matched source evidence,Present in supplied CSV,,2016 — Printz — Winner,
march-book-three--john-lewis-andrew-aydin-and-nate-powell,Printz,Winner,2017,March: Book Three,"John Lewis, Andrew Aydin, and Nate Powell",,13+,"Racist slurs, police brutality, bombings and murders.",5.9,3,,,The concluding graphic memoir follows the civil rights struggle through major campaigns toward voting-rights legislation.,Original summary,,Graphic nonfiction,,Award,184420,https://school.teachingbooks.net/tb.cgi?a=1&tid=51503,TeachingBooks,2026-09-28,Source checked,March Book Three,https://www.ala.org/alsc/awardsgrants/bookmedia/printz-award,,,EN,Previously sourced,Present in supplied CSV,,2017 — Printz — Winner,
we-are-okay--nina-lacour,Printz,Winner,2018,We Are Okay,Nina LaCour,,14+,"Grief, depression, sexual references and family secrets.",4.5,7,,,A college student who has withdrawn from her old life faces a friend's visit and the grief she has avoided.,Original summary,,Contemporary fiction,,Award,,https://www.juniorlibraryguild.com/we-are-okay-9780525425892j,Junior Library Guild,2026-10-06,Source checked,Original English novel,https://www.ala.org/alsc/awardsgrants/bookmedia/printz-award,Secondary-source AR metadata; confirm the matching quiz and edition with your school before assigning credit.,We Are Okay,EN,Matched source evidence,Present in supplied CSV,,2018 — Printz — Winner,
the-poet-x--elizabeth-acevedo,Printz,Winner,2019,The Poet X,Elizabeth Acevedo,,14+,"Sexual harassment, strong language, sexuality and parent-child conflict.",5.2,5,,,"Xiomara discovers spoken-word poetry as a way to claim her voice amid family expectations, faith and first love.",Original summary,,Verse novel,,Award,195165,https://school.teachingbooks.net/tb.cgi?tid=58150,TeachingBooks,2026-09-28,Source checked,The Poet X,https://www.ala.org/alsc/awardsgrants/bookmedia/printz-award,,,EN,Previously sourced,Present in supplied CSV,,2019 — Printz — Winner,
everything-sad-is-untrue-a-true-story--daniel-nayeri,Printz,Winner,2021,Everything Sad Is Untrue (a true story),Daniel Nayeri,,12+,"Domestic abuse, refugee trauma, religious persecution and bodily humor.",5.3,13,,,An Iranian refugee in Oklahoma weaves family history and Persian storytelling into an account of displacement and belonging.,Original summary,,Autobiographical fiction,,Award,509792,https://school.teachingbooks.net/tb.cgi?tid=70433,TeachingBooks,2026-09-28,Source checked,Everything Sad Is Untrue: (a True Story),https://www.ala.org/alsc/awardsgrants/bookmedia/printz-award,,,EN,Previously sourced,Present in supplied CSV,,2021 — Printz — Winner,
firekeeper-s-daughter--angeline-boulley,Printz,Winner,2022,Firekeeper's Daughter,Angeline Boulley,,16+,"Sexual assault, murder, drug trafficking, addiction and strong language.",5.1,20,,,"A biracial Ojibwe teenager becomes involved in an investigation that tests her obligations to family, community and justice.",Original summary,,Mystery,,Award,512291,https://school.teachingbooks.net/tb.cgi?tid=73080,TeachingBooks,2026-09-28,Source checked,Firekeeper's Daughter,https://www.ala.org/alsc/awardsgrants/bookmedia/printz-award,,,EN,Previously sourced,Present in supplied CSV,,2022 — Printz — Winner,
all-my-rage--sabaa-tahir,Printz,Winner,2023,All My Rage,Sabaa Tahir,,15+,"Abuse, addiction, drug dealing, racism, bereavement and strong language.",4.2,12,,,Two Pakistani American teenagers struggle to protect their futures as family crises strain a lifelong friendship.,Original summary,,Contemporary fiction,,Award,517032,https://school.teachingbooks.net/tb.cgi?tid=80852,TeachingBooks,2026-09-28,Source checked,All My Rage,https://www.ala.org/alsc/awardsgrants/bookmedia/printz-award,,,EN,Previously sourced,Present in supplied CSV,,2023 — Printz — Winner,
challenger-deep--neal-shusterman,National Book Award,Young People's Literature,2015,Challenger Deep,Neal Shusterman,,14+,"Psychosis, hospitalization, suicidal thoughts and distressing imagery.",5.5,12,,,A teenager's experience of mental illness unfolds alongside an imagined voyage into the ocean's deepest reaches.,Original summary,,Contemporary fiction,,Award,175998,https://school.teachingbooks.net/tb.cgi?tid=43202,TeachingBooks,2026-10-06,Source checked,,https://www.nationalbook.org/books/challenger-deep/,,Challenger Deep,EN,Matched saved source evidence,Present in supplied CSV,,2015 — National Book Award — Young People's Literature,
far-from-the-tree--robin-benway,National Book Award,Young People's Literature,2017,Far from the Tree,Robin Benway,,14+,"Teen pregnancy, adoption, addiction and strong language.",5.1,13,,,Three biological siblings raised apart find one another and renegotiate what family can mean.,Original summary,,Contemporary fiction,,Award,192417,https://school.teachingbooks.net/tb.cgi?tid=56369,TeachingBooks,2026-09-28,Source checked,Far from the Tree,https://www.nationalbook.org/books/far-from-the-tree/,,,EN,Previously sourced,Present in supplied CSV,,2017 — National Book Award — Young People's Literature,
